q1,a1,q2,a2,q3,a3,q1_ans,q2_ans,gen_ans,gen_sai_ans,q3_ga_sim,q3_ga_sai_sim
Is there a community or support forum available for Lamini users?,"Yes, there is a community forum available for Lamini users. The Lamini community forum can be accessed through the Lamini website and provides a platform for users to ask questions, share ideas, and collaborate with other developers using the library. Additionally, the Lamini team is active on the forum and provides support and guidance to users as needed.",How do I instantiate the LLM engine using the Lamini Python package?,"You can instantiate the LLM engine using the llama module in the Lamini Python package. To do this, you need to import the LLM engine from the llama module, like this: from llama import LLM.","Considering the active community and easy instantiation, is Lamini suitable for beginners in the field of LLM?","Yes, with an active community forum for support and straightforward instantiation using the Python package, Lamini is beginner-friendly and provides an accessible platform for those starting with LLM.","Yes, there is a community forum available for Lamini users.","The LLM engine is instantiated using the following code:
from lamini import LLM

engine = LLM()","Yes, Lamini is suitable for beginners in the field of LLM. It is a very easy to use and easy to install software.","Yes, Lamini is suitable for beginners in the field of LLM. It has an active community and provides easy instantiation, making it accessible and user-friendly for those new to the field. Additionally, Lamini offers resources and support for beginners, such as documentation and tutorials, to help them get started with LLMs.",0.8123636245727539,0.7811607122421265
Is there a community or support forum available for Lamini users?,"Yes, there is a community forum available for Lamini users. The Lamini community forum can be accessed through the Lamini website and provides a platform for users to ask questions, share ideas, and collaborate with other developers using the library. Additionally, the Lamini team is active on the forum and provides support and guidance to users as needed.",How do I instantiate the LLM engine using the Lamini Python package?,"You can instantiate the LLM engine using the llama module in the Lamini Python package. To do this, you need to import the LLM engine from the llama module, like this: from llama import LLM.",Where can I find examples or get help on how to use the LLM engine from the Lamini package?,"Examples and assistance for using the LLM engine in the Lamini package can be found on the Lamini community forum. Here, users and the Lamini team share insights, code snippets, and offer help with various aspects of using the library, including the LLM engine.","Yes, there is a community forum available for Lamini users.","The LLM engine is instantiated using the following code:
from lamini import LLM

engine = LLM()",The Lamini package is a collection of functions for the analysis of Laminière curves. The Laminière curves are a special type of curves that are used,"You can find examples and documentation on how to use the LLM engine from the Lamini package in the ""LLM Engine"" section of the Lamini documentation. Additionally, you can reach out to the Lamini support team for any questions or issues you may encounter.",0.40850144624710083,0.8371568918228149
How does the performance of LLMs trained using Lamini compare to models fine-tuned with traditional approaches?,"According to the information provided, Lamini allows developers to train high-performing LLMs on large datasets with just a few lines of code from the Lamini library. The optimizations in this library reach far beyond what’s available to developers now, from more challenging optimizations like RLHF to simpler ones like reducing hallucinations. While there is no direct comparison to traditional approaches mentioned, Lamini aims to make training LLMs faster and more accessible to a wider range of developers.",Does Lamini provide any mechanisms for model compression or optimization to reduce memory footprint?,"Yes, Lamini provides mechanisms for model compression and optimization to reduce memory footprint. These include techniques such as pruning, quantization, and distillation, which can significantly reduce the size of the model while maintaining its performance. Additionally, Lamini offers support for deploying customized LLMs on edge devices with limited resources, such as mobile phones or IoT devices, through techniques such as model quantization and on-device inference.","Considering Lamini's ease of training high-performing LLMs and its capabilities for model compression, how does it benefit developers working with resource-constrained environments?","Lamini benefits developers working in resource-constrained environments by simplifying the process of training powerful LLMs and providing tools for model compression and optimization. With features like model pruning, quantization, and on-device inference, developers can deploy efficient, high-performance models on devices with limited resources",The performance of LLMs trained using Lamini is comparable to models fine-tuned with traditional approaches.,"Yes, we do. We have a number of mechanisms to reduce memory footprint.","The ease of training high-performing LLMs is a huge benefit for developers working with resource-constrained environments.
The ease of training high-perform","Lamini's ease of training high-performing LLMs and its capabilities for model compression can greatly benefit developers working with resource-constrained environments. With Lamini, developers can quickly and easily train high-performing LLMs without requiring large amounts of data or computational resources. Additionally, Lamini's model compression capabilities can help reduce the memory and storage requirements for LLMs, making them more suitable for deployment in resource-constrained environments.",0.8548491597175598,0.8925201892852783
How does the performance of LLMs trained using Lamini compare to models fine-tuned with traditional approaches?,"According to the information provided, Lamini allows developers to train high-performing LLMs on large datasets with just a few lines of code from the Lamini library. The optimizations in this library reach far beyond what’s available to developers now, from more challenging optimizations like RLHF to simpler ones like reducing hallucinations. While there is no direct comparison to traditional approaches mentioned, Lamini aims to make training LLMs faster and more accessible to a wider range of developers.",Does Lamini provide any mechanisms for model compression or optimization to reduce memory footprint?,"Yes, Lamini provides mechanisms for model compression and optimization to reduce memory footprint. These include techniques such as pruning, quantization, and distillation, which can significantly reduce the size of the model while maintaining its performance. Additionally, Lamini offers support for deploying customized LLMs on edge devices with limited resources, such as mobile phones or IoT devices, through techniques such as model quantization and on-device inference.","How does Lamini enhance the efficiency and application of LLMs for developers, especially considering its model compression and optimization capabilities?","Lamini enhances the efficiency and application of LLMs for developers by simplifying the training process and enabling the deployment of models on resource-limited devices. By offering tools like pruning, quantization, and distillation, Lamini not only makes LLMs more compact and efficient in terms of memory footprint but also accessible for use in a broader range of devices and applications, from powerful servers to mobile phones and IoT devices.",The performance of LLMs trained using Lamini is comparable to models fine-tuned with traditional approaches.,"Yes, we do. We have a number of mechanisms to reduce memory footprint.",We have been working on the model compression and optimization capabilities of our LLMs for a while now. We have been able to achieve a 10x reduction,"Lamini enhances the efficiency and application of LLMs for developers by providing a user-friendly interface and pre-trained models that can be fine-tuned for specific tasks. Additionally, Lamini offers model compression and optimization capabilities to reduce the size of LLMs and improve their performance on resource-constrained devices. These features make it easier for developers to integrate LLMs into their applications and leverage their power for natural language processing tasks",0.5148366093635559,0.9136190414428711
How do I get support or assistance with using Lamini?,Lamini AI provides technical support and assistance to its users. You can contact their support team for assistance with using Lamini.,Is there a community or support forum available for Lamini users?,"Yes, there is a community forum available for Lamini users. The Lamini community forum can be accessed through the Lamini website and provides a platform for users to ask questions, share ideas, and collaborate with other developers using the library. Additionally, the Lamini team is active on the forum and provides support and guidance to users as needed.","For troubleshooting and optimization of Lamini AI models, what resources are available to developers?","Developers have access to multiple resources for troubleshooting and optimizing Lamini AI models, including direct technical support from the Lamini team and a community forum. These platforms offer a space to ask questions, get guidance, and share knowledge for effective use and improvement of Lamini models.",We are here to help you. Please contact us at support@lamini.com.,"Yes, there is a community forum available for Lamini users.","We have a number of resources available to developers.
- We have a developer portal that provides access to our API documentation, sample code, and other resources.","For troubleshooting and optimization of Lamini AI models, developers can refer to the Lamini AI documentation, which provides guidelines and best practices for model training and deployment. Additionally, the Lamini community forum and support channels offer a platform for developers to ask questions, share knowledge, and seek assistance from other users and Lamini experts. Finally, the Lamini GitHub repository contains examples, tutorials, and code snippets that can be used as a",0.852665901184082,0.9200445413589478
Are there any code samples illustrating how to handle authentication and authorization?,"Yes, there is a separate section in the documentation explaining authentication, for more information visit https://lamini-ai.github.io/auth/",Are there any code samples illustrating how to implement custom logging handlers?,"Yes, the Python logging module documentation provides several examples of how to implement custom logging handlers. You can find them in the official documentation here: https://docs.python.org/3/howto/logging-cookbook.html#developing-new-handlers",Where can I find detailed examples or tutorials for both implementing authentication in Lamini AI and creating custom logging handlers in Python?,"Detailed examples and tutorials for implementing authentication in Lamini AI are available in their documentation at https://lamini-ai.github.io/auth/. For creating custom logging handlers in Python, you can refer to the Python logging module's cookbook at https://docs.python.org/3/howto/logging-cookbook.html#developing-new-handlers.","Yes, there are.
The following links are to the Microsoft .NET Framework 2.0 documentation:
Authentication and Authorization Overview
Authentication and Author","Yes, there are.
The following code sample shows how to implement a custom logging handler.
The sample is based on the following article:
Custom Log","The Lamini AI documentation is a great place to start.
The Lamini AI documentation is a great place to start.
The Lamini AI documentation is",You can find detailed examples or tutorials for both implementing authentication in Lamini AI and creating custom logging handlers in Python by visiting our documentation at https://lamini-ai.github.io/.,0.36809009313583374,0.9210050106048584
Are there any code samples illustrating how to handle authentication and authorization?,"Yes, there is a separate section in the documentation explaining authentication, for more information visit https://lamini-ai.github.io/auth/",Are there any code samples illustrating how to implement custom logging handlers?,"Yes, the Python logging module documentation provides several examples of how to implement custom logging handlers. You can find them in the official documentation here: https://docs.python.org/3/howto/logging-cookbook.html#developing-new-handlers",Where can I find code samples or documentation for both authentication methods and custom logging handlers?,"For authentication methods, visit the Lamini AI documentation at https://lamini-ai.github.io/auth/. For custom logging handlers, refer to the Python logging module's official documentation at https://docs.python.org/3/howto/logging-cookbook.html#developing-new-handlers.","Yes, there are.
The following links are to the Microsoft .NET Framework 2.0 documentation:
Authentication and Authorization Overview
Authentication and Author","Yes, there are.
The following code sample shows how to implement a custom logging handler.
The sample is based on the following article:
Custom Log","The following links provide information on both authentication methods and custom logging handlers:
Authentication Methods
Custom Logging Handlers
</s>","You can find code samples or documentation for both authentication methods and custom logging handlers in the Lamini python library.  You can also reach out to the Lamini support team for more information.  Additionally, you can visit the Lamini website for more information on authentication methods and custom logging handlers.  You can also visit the Lamini documentation for more information on authentication methods and custom logging handlers.  You can also visit the Lamini python library for more information on authentication",0.7351119518280029,0.7647258043289185
Is it possible to use Lamini for automated essay grading or evaluation?,"Lamini can be used for automated essay grading or evaluation, but it would require training the engine on a specific set of criteria and providing it with a large enough dataset of essays to learn from. It may also require additional customization and fine-tuning to ensure accurate and reliable results.",Does Lamini have the ability to understand and generate code for video processing tasks?,"Lamini is not specifically designed for video processing tasks, but it can be trained on data related to video processing and potentially generate code for such tasks. However, it would require that all the data involved be text data, since Lamini is an LLM engine.",What are the necessary steps and considerations for training Lamini to perform specialized tasks like automated essay grading or video processing code generation?,"Training Lamini for specialized tasks like automated essay grading or generating code for video processing requires a large, relevant dataset and potentially additional customization. It's crucial to ensure that the model is fed with a rich variety of text data specific to the task for optimal learning and performance outcomes.","Yes, Lamini can be used for automated essay grading or evaluation.","Yes, Lamini has the ability to understand and generate code for video processing tasks.",Lamini is a general-purpose AI platform that can be used to train a wide range of AI models. The platform is designed to be easy to use and,"To train Lamini to perform specialized tasks like automated essay grading or video processing code generation, it is important to have a large and diverse training dataset that includes examples of the desired output. Additionally, it may be necessary to fine-tune the pre-trained models provided by Lamini to better suit the specific task at hand. It is also important to consider the computational resources required for training and the potential for bias in the training data.",0.5563434362411499,0.940809965133667
Is it possible to use Lamini for automated essay grading or evaluation?,"Lamini can be used for automated essay grading or evaluation, but it would require training the engine on a specific set of criteria and providing it with a large enough dataset of essays to learn from. It may also require additional customization and fine-tuning to ensure accurate and reliable results.",Does Lamini have the ability to understand and generate code for video processing tasks?,"Lamini is not specifically designed for video processing tasks, but it can be trained on data related to video processing and potentially generate code for such tasks. However, it would require that all the data involved be text data, since Lamini is an LLM engine.","Can Lamini be adapted for tasks beyond its initial design, like video processing or automated essay grading, with appropriate training and data?","Yes, Lamini can be adapted for various tasks such as automated essay grading and even video processing code generation. However, these adaptations require specific training datasets and possibly additional fine-tuning and customization to ensure the LLM engine can accurately perform these tasks.","Yes, Lamini can be used for automated essay grading or evaluation.","Yes, Lamini has the ability to understand and generate code for video processing tasks.","Yes, Lamini can be adapted for tasks beyond its initial design. For example, Lamini can be used to automatically grade essays.","Yes, Lamini can be adapted for tasks beyond its initial design, such as video processing or automated essay grading, with appropriate training and data. Lamini's LLM Engine allows for the creation of custom models that can be trained on specific tasks or domains, making it a versatile tool for a wide range of applications. Additionally, Lamini provides pre-trained models that can be fine-tuned for specific tasks, further expanding",0.7791932821273804,0.8935766816139221
Can Lamini be integrated with other artificial intelligence platforms?,"Yes, Lamini AI can be integrated with other artificial intelligence platforms.",Is it possible to fine-tune an openAI model using Lamini's functions? How does Lamini integrate with openAI's models?,"Yes, it is possible to fine-tune an OpenAI model using Lamini's functions. Lamini provides a simple interface for fine-tuning OpenAI's GPT models on custom datasets. Lamini integrates with OpenAI's models by providing a higher level interface to their API, allowing for easier integration and customization.",How does integrating Lamini with other AI platforms or OpenAI's models enhance its capabilities or simplify processes?,"Integrating Lamini with other AI platforms or OpenAI's models allows for enhanced capabilities in training and fine-tuning models on custom datasets. It simplifies processes by providing a higher-level interface and user-friendly tools, facilitating easier integration, customization, and usage.","Yes, Lamini can be integrated with other artificial intelligence platforms.","Yes, it is possible to fine-tune an openAI model using Lamini's functions.",We are working with OpenAI to integrate their models into our platform. This will allow us to offer our customers a more complete solution.,"Integrating Lamini with other AI platforms or OpenAI's models can enhance its capabilities by providing access to a broader range of AI technologies and expertise. For example, Lamini can be integrated with natural language processing (NLP) platforms to improve the accuracy and relevance of generated text, or with computer vision platforms to generate more sophisticated and accurate visual content. Additionally, integrating Lamini with OpenAI's models",0.8153464198112488,0.9295735955238342
Can Lamini be integrated with other artificial intelligence platforms?,"Yes, Lamini AI can be integrated with other artificial intelligence platforms.",Is it possible to fine-tune an openAI model using Lamini's functions? How does Lamini integrate with openAI's models?,"Yes, it is possible to fine-tune an OpenAI model using Lamini's functions. Lamini provides a simple interface for fine-tuning OpenAI's GPT models on custom datasets. Lamini integrates with OpenAI's models by providing a higher level interface to their API, allowing for easier integration and customization.",How does Lamini facilitate the integration of AI platforms and custom fine-tuning of existing models?,"Lamini streamlines the integration of AI platforms by offering higher-level interfaces and supports fine-tuning of models like OpenAI's GPT on custom datasets, enhancing adaptability.","Yes, Lamini can be integrated with other artificial intelligence platforms.","Yes, it is possible to fine-tune an openAI model using Lamini's functions.",We have a unique approach to AI. We have a team of data scientists and engineers who are experts in the field of AI. We have a team of data,"Lamini provides an LLM Engine that can be used to integrate AI platforms and custom fine-tune existing models. The LLM Engine is a powerful tool that allows developers to train and deploy their own language models using their own data. This means that developers can use Lamini to create custom models that are tailored to their specific needs and use cases. Additionally, the LLM Engine supports a wide range of programming languages and frameworks, making it easy to integrate",0.6107004880905151,0.7888931632041931
"Can Lamini generate text that adheres to specific formatting requirements, such as APA style for academic papers?","Yes, Lamini has the capability to generate text that adheres to specific formatting requirements, such as APA style for academic papers. This can be achieved through fine-tuning the LLM models with specific formatting guidelines and rules.",Does Lamini have the ability to understand and generate code for video processing tasks?,"Lamini is not specifically designed for video processing tasks, but it can be trained on data related to video processing and potentially generate code for such tasks. However, it would require that all the data involved be text data, since Lamini is an LLM engine.",How can Lamini's capability in formatting academic papers in APA style be compared to its potential in generating code for text-based video processing tasks?,"While Lamini excels in formatting academic papers in APA style through specific rule-based training, its ability to generate code for video processing tasks is more exploratory. Both functionalities hinge on the LLM's training with relevant data: strict guidelines for APA and text-based information for video processing tasks.","Yes, Lamini can generate text that adheres to specific formatting requirements, such as APA style for academic papers.","Yes, Lamini has the ability to understand and generate code for video processing tasks.","I think that the main difference between the two is that the former is a very well-established and well-known format, while the latter is not.","Lamini's capability in formatting academic papers in APA style and its potential in generating code for text-based video processing tasks are distinct and unrelated. While Lamini may excel in generating APA-formatted academic papers, its capabilities in generating code for text-based video processing tasks may differ significantly. It is important to note that Lamini's strengths and weaknesses vary across different tasks and domains, and its performance in one task may",0.53195720911026,0.7949283123016357
"Can Lamini generate text that adheres to specific formatting requirements, such as APA style for academic papers?","Yes, Lamini has the capability to generate text that adheres to specific formatting requirements, such as APA style for academic papers. This can be achieved through fine-tuning the LLM models with specific formatting guidelines and rules.",Does Lamini have the ability to understand and generate code for video processing tasks?,"Lamini is not specifically designed for video processing tasks, but it can be trained on data related to video processing and potentially generate code for such tasks. However, it would require that all the data involved be text data, since Lamini is an LLM engine.",Can Lamini be trained to generate both academic text and code for multimedia tasks using specific guidelines?,"Yes, by fine-tuning Lamini on datasets with academic formatting guidelines and multimedia code examples, it can generate text that meets specific academic standards and produce code for multimedia tasks.","Yes, Lamini can generate text that adheres to specific formatting requirements, such as APA style for academic papers.","Yes, Lamini has the ability to understand and generate code for video processing tasks.","Yes, Lamini can be trained to generate both academic text and code for multimedia tasks using specific guidelines.","Yes, Lamini can be trained to generate both academic text and code for multimedia tasks using specific guidelines. Lamini's LLM Engine allows for the training of models on a wide range of tasks, including those that require the generation of both text and code. Additionally, Lamini provides pre-trained models that can be fine-tuned for specific tasks, making it easier to train models that can generate both academic text and code for multimedia tasks",0.9271876811981201,0.914618968963623
Can Lamini assist in generating content for news articles or blog posts?,"Lamini is capable of generating content for news articles or blog posts. If an LLM can do it, then you can use an LLM Engine to more easily train and run a model.",Can Lamini help in language learning or practicing vocabulary?,"No, Lamini is not designed for language learning or practicing vocabulary. It is a platform for fine-tuning and customizing language models for various natural language processing tasks.",Is Lamini specialized in any specific domain or can it be used across various content types?,"Lamini is versatile and can be used for various content types, from generating news articles to customizing language models, but it is not specialized in tasks like language learning.","Yes, we can. We have a team of writers who can assist you in generating content for your news articles or blog posts.","Yes, Lamini can help you learn vocabulary and practice your speaking skills.",Lamini is a general purpose CMS that can be used for any type of content.,"Lamini is a language model engine that can be used across various content types. It is not specialized in any specific domain.  However, it can be fine-tuned or customized for specific use cases or domains with sufficient training data.  The LLM Engine class in Lamini’s python library demonstrates how to fine-tune a pre-trained LLM using your own training data.  Additionally, Lamini offers pre-tra",0.36735445261001587,0.6801295876502991
Can Lamini assist in generating content for news articles or blog posts?,"Lamini is capable of generating content for news articles or blog posts. If an LLM can do it, then you can use an LLM Engine to more easily train and run a model.",Can Lamini help in language learning or practicing vocabulary?,"No, Lamini is not designed for language learning or practicing vocabulary. It is a platform for fine-tuning and customizing language models for various natural language processing tasks.",Can Lamini be utilized to both create educational content and provide assistance in evaluating language skills?,"Lamini can be used to create educational content such as lesson plans or study guides. However, for evaluating language skills, such as grading essays or assessing vocabulary proficiency, it might require additional customization and specific training of the LLM.","Yes, we can. We have a team of writers who can assist you in generating content for your news articles or blog posts.","Yes, Lamini can help you learn vocabulary and practice your speaking skills.","Yes, Lamini can be utilized to both create educational content and provide assistance in evaluating language skills.","Yes, Lamini can be utilized to both create educational content and provide assistance in evaluating language skills. With its powerful natural language processing capabilities, Lamini can be trained to generate high-quality educational content, such as language lessons or grammar guides. Additionally, Lamini can be used to evaluate language skills by analyzing and providing feedback on written or spoken language.",0.8292951583862305,0.8468207120895386
Are there any examples of using Lamini for question-answering tasks?,"Yes, there is an example of using Lamini for question-answering tasks in Lamini’s python library. The 'TestCreateDocs' class in the 'test_unpaired_data.py' file demonstrates how to use Lamini to answer a question. Specifically, the 'test_create_with_add_data' method creates an instance of the LLM Engine, inputs a question ('What is Lamini?'), and outputs an answer using the 'Answer' class. The method then adds data (a single document) to the LLM Engine and repeats the process, showing how the added data can improve the answer.",Can Lamini help in language learning or practicing vocabulary?,"No, Lamini is not designed for language learning or practicing vocabulary. It is a platform for fine-tuning and customizing language models for various natural language processing tasks.","How does Lamini's capability to incorporate data into the LLM Engine, as shown in the 'TestCreateDocs' example, enhance its performance in question-answering tasks?","Lamini's ability to add data into the LLM Engine, as illustrated in the 'TestCreateDocs' example, allows it to tailor responses more accurately and contextually. When new data is incorporated, the model can utilize this additional information to refine its answers, making them more relevant and precise. This feature is particularly beneficial in enhancing the engine's effectiveness in question-answering tasks, where context and data specificity are crucial for accurate responses.","Yes, there are.","Yes, Lamini can help you learn vocabulary and practice your speaking skills.",The LLM Engine is a powerful tool for question-answering tasks. It is a general-purpose engine that can be used for a wide range of,"Lamini's capability to incorporate data into the LLM Engine enhances its performance in question-answering tasks by allowing it to generate more accurate and relevant responses. By incorporating data into the LLM Engine, Lamini can better understand the context and nuances of the questions it is answering, leading to more accurate and relevant responses. Additionally, incorporating data into the LLM Engine allows Lamini to generate responses that are more up-to-",0.7275490760803223,0.955893874168396
How can I handle cases where Lamini generates repetitive or redundant text?,"One approach to handling repetitive or redundant text generated by Lamini is to use techniques such as beam search or nucleus sampling, which can help to increase the diversity and creativity of the generated outputs. Additionally, it may be helpful to fine-tune the model on a larger and more diverse dataset, or to adjust the hyperparameters of the model to encourage more varied and interesting text generation. Finally, manual post-processing or editing of the generated text can also be effective in reducing redundancy and improving the overall quality of the output.",What level of customization and flexibility does Lamini offer for tailoring LLMs to specific enterprise use cases?,"Lamini offers a high level of customization and flexibility for tailoring LLMs to specific enterprise use cases. It provides a wide range of options for fine-tuning models, including the ability to customize the training data, adjust hyperparameters, and incorporate domain-specific knowledge. Additionally, Lamini supports transfer learning, allowing developers to leverage pre-trained models and adapt them to their specific needs. Overall, Lamini is designed to be highly adaptable and customizable, making it a powerful tool for developing LLMs that meet the unique requirements of enterprise applications.",How does Lamini's support for hyperparameter adjustments and dataset customization help in reducing repetitive text generation in specific use cases?,"Lamini's support for hyperparameter adjustments and dataset customization plays a crucial role in reducing repetitive text generation. By fine-tuning hyperparameters, such as the sampling methods or temperature settings, users can control the creativity and variance in the text output. Customizing the dataset, especially with diverse and rich examples, also guides the model towards generating more unique and contextually relevant text, tailored to specific use cases.",Lamini is a very powerful tool for generating text. It is not a simple text generator. It is a tool that can generate text in a variety of ways,We have a lot of flexibility in terms of customization and flexibility. We have a lot of different ways to customize the model. We have a lot of different,"The main idea behind the project is to reduce the repetitive text generation in specific use cases. For example, in the case of a chatbot, the user","Lamini's support for hyperparameter adjustments and dataset customization can help in reducing repetitive text generation in specific use cases by allowing developers to fine-tune the model's parameters and training data to better suit the specific needs of the application. This can involve adjusting the learning rate, batch size, or other hyperparameters to improve the model's performance, or customizing the training data to include more diverse or representative examples of the desired output.",0.7161978483200073,0.9193557500839233
How can I handle cases where Lamini generates repetitive or redundant text?,"One approach to handling repetitive or redundant text generated by Lamini is to use techniques such as beam search or nucleus sampling, which can help to increase the diversity and creativity of the generated outputs. Additionally, it may be helpful to fine-tune the model on a larger and more diverse dataset, or to adjust the hyperparameters of the model to encourage more varied and interesting text generation. Finally, manual post-processing or editing of the generated text can also be effective in reducing redundancy and improving the overall quality of the output.","Can Lamini generate text with a specific emotional tone, such as conveying happiness, sadness, or excitement?","Yes, Lamini has the ability to generate text with a specific emotional tone. By adjusting the input prompts and parameters, Lamini can generate text that conveys happiness, sadness, excitement, or any other desired emotional tone.","What strategies can be used to enhance the creativity and emotional range in text generated by Lamini, avoiding redundancy?","To enhance creativity and emotional range in Lamini-generated text, consider using diverse and emotionally-rich training datasets. Employ techniques like adjusted prompts, varying model hyperparameters, or advanced text generation methods such as beam search or nucleus sampling. These approaches can aid in crafting text that's not only emotionally resonant but also fresh and engaging, steering clear of repetitive content.",Lamini is a very powerful tool for generating text. It is not a simple text generator. It is a tool that can generate text in a variety of ways,"Yes, Lamini can generate text with a specific emotional tone.",The text generated by Lamini is a combination of the text generated by the user and the text generated by the system. The user can choose to generate text in,"There are several strategies that can be used to enhance the creativity and emotional range in text generated by Lamini, while avoiding redundancy. One approach is to fine-tune the language model on a specific domain or genre of text, which can help it generate more varied and nuanced responses. Another approach is to incorporate user feedback or prompts that guide the model towards more creative or emotional responses. Additionally, using different training data",0.581705629825592,0.9167255759239197
How can I handle cases where Lamini generates repetitive or redundant text?,"One approach to handling repetitive or redundant text generated by Lamini is to use techniques such as beam search or nucleus sampling, which can help to increase the diversity and creativity of the generated outputs. Additionally, it may be helpful to fine-tune the model on a larger and more diverse dataset, or to adjust the hyperparameters of the model to encourage more varied and interesting text generation. Finally, manual post-processing or editing of the generated text can also be effective in reducing redundancy and improving the overall quality of the output.","Can Lamini generate text with a specific emotional tone, such as conveying happiness, sadness, or excitement?","Yes, Lamini has the ability to generate text with a specific emotional tone. By adjusting the input prompts and parameters, Lamini can generate text that conveys happiness, sadness, excitement, or any other desired emotional tone.","Given its capabilities, can Lamini be adjusted to ensure consistent emotional tone while avoiding redundancy in its generated text?","Yes, Lamini can be fine-tuned using specific datasets and prompts to ensure a consistent emotional tone while employing techniques like beam search or nucleus sampling to avoid redundancy in outputs.",Lamini is a very powerful tool for generating text. It is not a simple text generator. It is a tool that can generate text in a variety of ways,"Yes, Lamini can generate text with a specific emotional tone.","Yes, Lamini can be adjusted to ensure consistent emotional tone while avoiding redundancy in its generated text.","Yes, Lamini can be adjusted to ensure consistent emotional tone while avoiding redundancy in its generated text. This can be achieved by fine-tuning the language model on a specific dataset that includes examples of text with consistent emotional tone and avoiding redundancy. Additionally, Lamini allows for the use of conditioning prompts, which can be used to guide the model towards generating text with a specific emotional tone or avoiding certain topics.",0.8554413318634033,0.8716681003570557
"Does Lamini AI support multi-modal inputs, such as text combined with images or audio?","Yes, Lamini AI supports multi-modal inputs, such as text combined with images or audio.",Does Lamini have the ability to understand and generate code for video processing tasks?,"Lamini is not specifically designed for video processing tasks, but it can be trained on data related to video processing and potentially generate code for such tasks. However, it would require that all the data involved be text data, since Lamini is an LLM engine.",How can Lamini's support for multi-modal inputs and its capability for text-based training be leveraged in creating solutions for audio-visual content?,"Lamini's support for multi-modal inputs and text-based training allows for the creation of solutions where audio-visual content can be analyzed, described, or captioned in text form. Although Lamini is primarily text-focused, its multi-modal input capabilities enable it to process and understand content from images and audio. This can be useful for tasks like generating descriptions for images, transcribing audio to text, or even creating text-based summaries of video content.","Yes, Lamini AI supports multi-modal inputs, such as text combined with images or audio.","Yes, Lamini has the ability to understand and generate code for video processing tasks.",The ability to leverage the power of text-based training is a key differentiator for Lamini. We have built a robust and flexible text-based training system,"Lamini's support for multi-modal inputs and its capability for text-based training can be leveraged in creating solutions for audio-visual content by using the generated text as captions or transcripts for the audio-visual content. This can help improve the accessibility and searchability of the content, as well as provide a way to analyze and understand the content using natural language processing techniques. Additionally, Lamini's ability to generate text based on",0.7980962991714478,0.9084870219230652
"Does Lamini AI support multi-modal inputs, such as text combined with images or audio?","Yes, Lamini AI supports multi-modal inputs, such as text combined with images or audio.",Does Lamini have the ability to understand and generate code for video processing tasks?,"Lamini is not specifically designed for video processing tasks, but it can be trained on data related to video processing and potentially generate code for such tasks. However, it would require that all the data involved be text data, since Lamini is an LLM engine.","Can Lamini, which primarily operates with text data, effectively incorporate and process inputs from varied data types, such as audio and video, for content generation?","While Lamini supports multi-modal inputs and can handle text combined with images or audio, it's primarily focused on text data. Processing video content or generating outputs from video data might require additional tools or integration with specialized video processing software, as Lamini itself is not inherently designed for direct video processing tasks.","Yes, Lamini AI supports multi-modal inputs, such as text combined with images or audio.","Yes, Lamini has the ability to understand and generate code for video processing tasks.","Yes, we can. We have a team of data scientists who can work with audio and video data.","Yes, Lamini can effectively incorporate and process inputs from varied data types, such as audio and video, for content generation. Lamini's LLM Engine can be trained on a variety of data types, including text, audio, and video, to generate high-quality content. Additionally, Lamini offers pre-trained models that can be fine-tuned on specific data types to improve the accuracy and relevance of the generated content.",0.45252376794815063,0.5845670700073242
Are there any performance benchmarks or comparisons available to showcase the effectiveness of Lamini in comparison to other similar solutions?,Lamini is an LLM engine - this means that it can be used to produce models that may be compared to other models.,Are there any methods or functions in the Lamini library that allow for controlling the level of specificity or detail in the generated text outputs?,"Yes, the LLM Engine in the Lamini library allows for controlling the level of specificity or detail in the generated text outputs through the use of input and output types. By defining more specific input and output types, the generated text can be tailored to a particular task or domain. Additionally, the LLM Engine allows for the use of context variables to provide additional information and control over the generated text.",How does the use of context variables in Lamini's LLM Engine affect the specificity and effectiveness of models compared to other LLM engines?,"Using context variables in Lamini's LLM Engine enhances the model's ability to generate more relevant, detailed, and specific outputs. This feature distinguishes Lamini's LLM Engine from other engines by providing an extra layer of control and customization, which can lead to more effective and tailored model performance in specific domains or tasks.","Yes, there are.","Yes, there are.","The use of context variables in Lamini's LLM Engine is a very important feature. It allows the user to specify the context of the model, which","Context variables can be used to fine-tune LLMs and make them more specific to a particular task or domain. This can lead to better performance and accuracy compared to other LLM engines that do not allow for the use of context variables. Additionally, Lamini's LLM Engine allows for the integration of external data and knowledge, which can further enhance the specificity and effectiveness of the models.",0.7710657715797424,0.9376208782196045
"Can Lamini generate text with a specific emotional tone, such as conveying happiness, sadness, or excitement?","Yes, Lamini has the ability to generate text with a specific emotional tone. By adjusting the input prompts and parameters, Lamini can generate text that conveys happiness, sadness, excitement, or any other desired emotional tone.",Can Lamini generate text for data visualization or storytelling purposes?,"Yes, Lamini can generate text for data visualization or storytelling purposes. However, it requires providing relevant data and context to the LLM Engine for it to generate meaningful and coherent text.",Is Lamini versatile enough to adjust its text generation based on different contexts like emotion or data presentation?,"Yes, Lamini is versatile and can adjust its text generation based on the context provided, whether it's conveying a specific emotional tone or creating content for data visualization and storytelling.","Yes, Lamini can generate text with a specific emotional tone.","Yes, Lamini can generate text for data visualization or storytelling purposes.","Yes, Lamini is very versatile. It can be used for a wide range of applications.","Yes, Lamini is versatile enough to adjust its text generation based on different contexts like emotion or data presentation. Lamini's LLM Engine can be fine-tuned on specific datasets to generate text that aligns with the desired emotional tone or presents data in a specific format. Additionally, Lamini's natural language generation capabilities can be customized to generate text that adheres to specific stylistic guidelines or follows specific",0.7240405082702637,0.9348205924034119
"Can Lamini generate text with a specific emotional tone, such as conveying happiness, sadness, or excitement?","Yes, Lamini has the ability to generate text with a specific emotional tone. By adjusting the input prompts and parameters, Lamini can generate text that conveys happiness, sadness, excitement, or any other desired emotional tone.",Can Lamini generate text for data visualization or storytelling purposes?,"Yes, Lamini can generate text for data visualization or storytelling purposes. However, it requires providing relevant data and context to the LLM Engine for it to generate meaningful and coherent text. The example code provided in the task demonstrates how to use Lamini to generate tweets based on provided data.",How can Lamini be utilized to create engaging narratives or descriptions for various emotional contexts or data-driven stories?,"Lamini can be used to craft engaging narratives or descriptions for different emotional contexts or data-driven stories by feeding it targeted data and specific emotional or narrative cues. This enables the generation of text that is both contextually relevant and emotionally resonant, enhancing storytelling or data interpretation.","Yes, Lamini can generate text with a specific emotional tone.","Yes, Lamini can generate text for data visualization or storytelling purposes.",I think that the most important thing is to be able to create a story that is engaging and that is able to connect with the audience. I think that the,"Lamini can be utilized to create engaging narratives or descriptions for various emotional contexts or data-driven stories by fine-tuning a language model on a specific dataset related to the desired emotional context or story. This allows the model to generate text that is tailored to the specific emotional context or story, and can be used in a variety of applications such as marketing, entertainment, or education. Additionally, Lamini can",0.7705702185630798,0.9499967098236084
Who created lamini?,"Lamini was founded by Sharon Zhou and Greg Diamos, and an all-star team from Berkely, Stanford, Meta, VMWare, Apple, Baidu, and MLCommons. To know more about them, visit https://www.lamini.ai/company","Can Lamini handle different types of language models, such as transformer-based models or recurrent neural networks?","Yes, Lamini can handle different types of language models, including transformer-based models and recurrent neural networks. It uses the LLM Engine to interface with these models and can easily incorporate new models through the add_model() function.","Considering the diverse team behind Lamini, is the platform versatile in adapting to various natural language processing techniques and architectures?","Absolutely. With a team from renowned institutions and companies, Lamini has been designed to be versatile, supporting a wide range of NLP techniques, including both transformer-based models and recurrent neural networks.","Lamini was created by a group of friends who wanted to create a fun, easy to use, and affordable way to create and share videos.","Yes, we can. We have a lot of experience in working with different types of language models.","Yes, Lamini is a platform that can be used for any natural language processing task. It is built on top of the NLP stack, which includes a","Yes, Lamini is versatile in adapting to various natural language processing techniques and architectures. The platform leverages the expertise and knowledge of its diverse team to stay up-to-date with the latest advancements in the field and incorporate them into its offerings. This allows Lamini to adapt to different use cases and applications, making it a flexible and powerful tool for natural language processing tasks.",0.6655451655387878,0.8144253492355347
Who created lamini?,"Lamini was founded by Sharon Zhou and Greg Diamos, and an all-star team from Berkely, Stanford, Meta, VMWare, Apple, Baidu, and MLCommons. To know more about them, visit https://www.lamini.ai/company","Can Lamini handle different types of language models, such as transformer-based models or recurrent neural networks?","Yes, Lamini can handle different types of language models, including transformer-based models and recurrent neural networks. It uses the LLM Engine to interface with these models and can easily incorporate new models through the add_model() function.","Given the diverse expertise of Lamini's founding team, how does this influence the versatility and capabilities of Lamini in handling different AI models and tasks?","The diversity and expertise of Lamini's founding team, coming from prominent organizations and backgrounds in AI, contribute significantly to the platform's versatility and advanced capabilities. Their collective experience ensures that Lamini is adept at handling various AI tasks and models, including transformer-based and RNN architectures, thereby enabling robust, cutting-edge solutions in AI applications.","Lamini was created by a group of friends who wanted to create a fun, easy to use, and affordable way to create and share videos.","Yes, we can. We have a lot of experience in working with different types of language models.","We have a diverse team of experts in different fields, including AI, machine learning, data science, and software engineering. This diversity of expertise allows us to handle","The diverse expertise of Lamini's founding team likely enables Lamini to handle a wide range of AI models and tasks, as the team brings together individuals with expertise in natural language processing, machine learning, and software engineering. This diversity of skills and knowledge can help Lamini to develop and implement AI models that are tailored to specific tasks and domains, and to handle complex and nuanced language processing tasks. Additionally, the founding team",0.794408917427063,0.8900018930435181
Who created lamini?,"Lamini was founded by Sharon Zhou and Greg Diamos, and an all-star team from Berkely, Stanford, Meta, VMWare, Apple, Baidu, and MLCommons. To know more about them, visit https://www.lamini.ai/company",Is there a community or support forum available for Lamini users?,"Yes, there is a community forum available for Lamini users. The Lamini community forum can be accessed through the Lamini website and provides a platform for users to ask questions, share ideas, and collaborate with other developers using the library. Additionally, the Lamini team is active on the forum and provides support and guidance to users as needed.","Can users get advice and assistance directly from Lamini's founders, like Sharon Zhou or Greg Diamos, on the community forum or other support platforms?","While the community forum offers extensive support and interaction with other Lamini users and the broader team, direct advice from the founders, such as Sharon Zhou or Greg Diamos, is not guaranteed. For specific queries, it's advisable to use official support channels.","Lamini was created by a group of friends who wanted to create a fun, easy to use, and affordable way to create and share videos.","Yes, there is a community forum available for Lamini users.","Yes, we have a dedicated support team that is available to help you with any questions or issues you may have. You can reach them by emailing support@","Yes, users can get advice and assistance directly from Lamini's founders, like Sharon Zhou or Greg Diamos, on the community forum or other support platforms. Lamini's founders are actively involved in the community and are available to answer questions and provide guidance to users.",0.5716498494148254,0.6991579532623291
Who created lamini?,"Lamini was founded by Sharon Zhou and Greg Diamos, and an all-star team from Berkely, Stanford, Meta, VMWare, Apple, Baidu, and MLCommons. To know more about them, visit https://www.lamini.ai/company",Is there a community or support forum available for Lamini users?,"Yes, there is a community forum available for Lamini users. The Lamini community forum can be accessed through the Lamini website and provides a platform for users to ask questions, share ideas, and collaborate with other developers using the library. Additionally, the Lamini team is active on the forum and provides support and guidance to users as needed.",How does Lamini's all-star team from various institutions contribute to its advancements and user support?,"The diverse expertise from institutions like Berkely, Stanford, and companies like Apple and Baidu, combined with the active community support, ensures Lamini offers innovative solutions and robust user assistance.","Lamini was created by a group of friends who wanted to create a fun, easy to use, and affordable way to create and share videos.","Yes, there is a community forum available for Lamini users.","Lamini's all-star team from various institutions contributes to its advancements and user support by:
- Providing a platform for the exchange of ideas and","Lamini's all-star team from various institutions contributes to its advancements and user support by providing expertise in machine learning, natural language processing, and software engineering. The team's diverse backgrounds and experiences enable them to tackle complex challenges and develop innovative solutions to improve Lamini's functionality and user experience. Additionally, the team provides prompt and effective support to users, addressing their questions and concerns in a timely manner.",0.8463602662086487,0.8656094074249268
Can you explain in simple terms how the `add_data()` function works in Lamini? How does it help in improving the capabilities of the model?,"The `add_data()` function in Lamini is used to add training examples to the program. These examples are used to train the model and improve its capabilities. The function takes in a list of examples and appends them to the program's list of examples. If a single example is provided, it is appended as a singleton. The `add_data()` function is important because it allows the program to learn from a diverse set of examples, which can help improve its accuracy and ability to handle a wide range of inputs.",What is the process involved when using the `submit_job()` function in Lamini? How does it interact with the model?,"When using the `submit_job()` function in Lamini, the user is able to submit a training job to the system. This function takes in the model name, dataset, input type, and output type as parameters. Once the job is submitted, Lamini will begin training the model on the specified dataset. The `submit_job()` function interacts with the model by providing it with the necessary data to train on and updating the model's parameters as it learns from the data. Once the training is complete, the user can retrieve the results using the `gen_job_results()` function.",How does Lamini's `add_data()` function complement the `submit_job()` function in enhancing the model's performance and learning capabilities?,"The `add_data()` function in Lamini is instrumental in enhancing a model's learning capabilities by providing a variety of training examples. These examples enrich the dataset, allowing for more comprehensive learning. This function effectively complements the `submit_job()` function, which initiates the model's training process on these enriched datasets. Together, they work in tandem to ensure that the model not only receives diverse and ample data for training but also applies this information to learn and improve its accuracy and efficiency in handling different tasks.",The add_data() function is used to add new data to the model. It is used to add new data to the model. It is used to add,The submit_job() function is used to submit a job to the Lamini cluster. The job is submitted to the Lamini cluster using the submit_job,The add_data() function is used to add new data to the model. The model is trained on the new data and the performance of the model is improved,"The `add_data()` function in Lamini complements the `submit_job()` function by providing the model with additional training data to enhance its performance and learning capabilities. The `add_data()` function allows users to add new data to the model, which can help improve its accuracy and generalization on unseen data. The `submit_job()` function, on the other hand, allows users to submit a job to the Llama large language model",0.8470609188079834,0.869355320930481
Can you explain in simple terms how the `add_data()` function works in Lamini? How does it help in improving the capabilities of the model?,"The `add_data()` function in Lamini is used to add training examples to the program. These examples are used to train the model and improve its capabilities. The function takes in a list of examples and appends them to the program's list of examples. If a single example is provided, it is appended as a singleton. The `add_data()` function is important because it allows the program to learn from a diverse set of examples, which can help improve its accuracy and ability to handle a wide range of inputs.",What is the process involved when using the `submit_job()` function in Lamini? How does it interact with the model?,"When using the `submit_job()` function in Lamini, the user is able to submit a training job to the system. This function takes in the model name, dataset, input type, and output type as parameters. Once the job is submitted, Lamini will begin training the model on the specified dataset. The `submit_job()` function interacts with the model by providing it with the necessary data to train on and updating the model's parameters as it learns from the data. Once the training is complete, the user can retrieve the results using the `gen_job_results()` function.",How does Lamini ensure effective learning when provided with new training examples using its functions?,"Lamini's functions, like `add_data()` and `submit_job()`, are designed to provide a seamless integration between training data and the model. By continuously updating the model with diverse examples and running training jobs, Lamini ensures that the model effectively learns and adapts to the data, enhancing its performance and accuracy.",The add_data() function is used to add new data to the model. It is used to add new data to the model. It is used to add,The submit_job() function is used to submit a job to the Lamini cluster. The job is submitted to the Lamini cluster using the submit_job,Lamini uses a combination of reinforcement learning and supervised learning to ensure effective learning.,"Lamini ensures effective learning when provided with new training examples using its functions by using a machine learning algorithm to analyze the new data and update the model's parameters accordingly. The algorithm takes into account the quality and relevance of the new examples, and adjusts the model's weights and biases accordingly. Additionally, Lamini uses techniques such as regularization and early stopping to prevent overfitting and ensure that the model generalizes well to new data.",0.7751448154449463,0.8869813680648804
Can you explain in simple terms how the `add_data()` function works in Lamini? How does it help in improving the capabilities of the model?,"The `add_data()` function in Lamini is used to add training examples to the program. These examples are used to train the model and improve its capabilities. The function takes in a list of examples and appends them to the program's list of examples. If a single example is provided, it is appended as a singleton. The `add_data()` function is important because it allows the program to learn from a diverse set of examples, which can help improve its accuracy and ability to handle a wide range of inputs.",What is the process involved when using the `submit_job()` function in Lamini? How does it interact with the model?,"When using the `submit_job()` function in Lamini, the user is able to submit a training job to the system. This function takes in the model name, dataset, input type, and output type as parameters. Once the job is submitted, Lamini will begin training the model on the specified dataset. The `submit_job()` function interacts with the model by providing it with the necessary data to train on and updating the model's parameters as it learns from the data. Once the training is complete, the user can retrieve the results using the `gen_job_results()` function.",How do the `add_data()` and `submit_job()` functions in Lamini contribute to the flexibility and effectiveness of custom model training?,"The `add_data()` function in Lamini allows users to augment the training examples for a model, enhancing its learning capacity and diversity in handling inputs. The `submit_job()` function enables users to train the model with these added examples, creating a flexible and effective process for custom model training. This synergy ensures the model is tailored to specific requirements and datasets, optimizing its performance and applicability.",The add_data() function is used to add new data to the model. It is used to add new data to the model. It is used to add,The submit_job() function is used to submit a job to the Lamini cluster. The job is submitted to the Lamini cluster using the submit_job,"The add_data() and submit_job() functions in Lamini are used to add data to the model and submit the job to the cloud.
Q","The `add_data()` and `submit_job()` functions in Lamini contribute to the flexibility and effectiveness of custom model training by allowing users to add their own data and submit jobs for training on that data. This allows users to train models on their own data, which can be tailored to their specific needs and use cases. Additionally, the `submit_job()` function allows users to submit their jobs for training on Lamini's infrastructure,",0.6263260245323181,0.9235936403274536
How does the Lamini library handle input sequences of varying lengths during the inference process?,"The Lamini library handles input sequences of varying lengths during the inference process by using padding and truncation. The input sequences are padded with zeros to match the length of the longest sequence in the batch, and any sequences longer than the maximum sequence length are truncated. This ensures that all input sequences have the same length, which is necessary for efficient processing by the neural network.",How does Lamini handle input data with missing or incomplete information during the customization process?,Lamini has the ability to handle missing or incomplete information during the customization process by using a technique called imputation. This involves filling in missing values with estimated values based on the available data.,"During the inference and customization processes, how does Lamini manage varying lengths of input sequences and data that's missing or incomplete?","Lamini addresses varying input sequence lengths by padding and truncation, and manages missing or incomplete data via imputation. Padding ensures consistent length for efficient neural network processing, while imputation fills in gaps based on existing data.",The Lamini library is designed to handle input sequences of varying lengths during the inference process.,We have a team of experts who work with our customers to understand their needs and requirements. We then use our expertise to create a custom solution that meets their needs,"During the inference and customization processes, how does Lamini manage varying lengths of input sequences and data that's missing or incomplete?","Lamini provides several mechanisms to handle input sequences of varying lengths and data that is missing or incomplete during the inference and customization processes. One approach is to use techniques such as padding or truncating the input sequences to a fixed length, which can help ensure that all sequences have the same length. Another approach is to use techniques such as data augmentation or imputation to fill in missing or incomplete data. Additionally, Lamini can also use regularization techniques such as",0.7608851194381714,0.8350352048873901
How does the Lamini library handle input sequences of varying lengths during the inference process?,"The Lamini library handles input sequences of varying lengths during the inference process by using padding and truncation. The input sequences are padded with zeros to match the length of the longest sequence in the batch, and any sequences longer than the maximum sequence length are truncated. This ensures that all input sequences have the same length, which is necessary for efficient processing by the neural network.",How does Lamini handle input data with missing or incomplete information during the customization process?,Lamini has the ability to handle missing or incomplete information during the customization process by using a technique called imputation. This involves filling in missing values with estimated values based on the available data.,How does Lamini manage sequences of varying lengths and data with missing values during inference and customization?,Lamini uses padding and truncation to handle sequences of varying lengths and employs imputation techniques for missing or incomplete data during customization and inference.,The Lamini library is designed to handle input sequences of varying lengths during the inference process.,We have a team of experts who work with our customers to understand their needs and requirements. We then use our expertise to create a custom solution that meets their needs,Lamini is a flexible and powerful tool for managing sequences of varying lengths and data with missing values. It is a web-based application that allows you to create,"Lamini uses a combination of techniques to manage sequences of varying lengths and data with missing values during inference and customization. One approach is to use padding techniques to ensure that all sequences have the same length, while another is to use masking techniques to indicate which values are missing. Additionally, Lamini can use pre-processing techniques such as filtering and normalization to clean and prepare the data before training. During inference, Lamini can also use techniques such as beam search",0.621455192565918,0.8284255862236023
How does the Lamini library handle input sequences of varying lengths during the inference process?,"The Lamini library handles input sequences of varying lengths during the inference process by using padding and truncation. The input sequences are padded with zeros to match the length of the longest sequence in the batch, and any sequences longer than the maximum sequence length are truncated. This ensures that all input sequences have the same length, which is necessary for efficient processing by the neural network.",How does Lamini handle input data with missing or incomplete information during the customization process?,Lamini has the ability to handle missing or incomplete information during the customization process by using a technique called imputation. This involves filling in missing values with estimated values based on the available data.,"How does Lamini manage various input lengths and data with missing values during inference and customization, using techniques like padding, truncation, and imputation?","Lamini handles varying input lengths through padding and truncation, ensuring all sequences are uniform for neural network processing. For missing or incomplete data, Lamini employs imputation, estimating values to maintain data integrity during customization.",The Lamini library is designed to handle input sequences of varying lengths during the inference process.,We have a team of experts who work with our customers to understand their needs and requirements. We then use our expertise to create a custom solution that meets their needs,"We have a lot of flexibility in how we handle missing values. We can handle missing values in a number of ways. For example, we can handle missing values","Lamini manages various input lengths and data with missing values during inference and customization using techniques like padding, truncation, and imputation. Padding is used to add extra tokens to the input to make it the same length as other inputs. Truncation is used to cut off extra tokens from the input to make it the same length as other inputs. Imputation is used to fill in missing values in the input data. These techniques help ensure that the input",0.5970274209976196,0.7526482343673706
Can Lamini be used for training language models with limited computational resources?,"Yes, Lamini can be used for training language models with limited computational resources. The library is designed to be efficient and scalable, supporting optimization techniques to reduce computational needs and offers pre-trained models for fine-tuning.",What are the system requirements for running Lamini locally or on my own infrastructure?,"Lamini requires a GPU with at least 16GB of VRAM and a CPU with at least 16 cores. It also needs 32GB of RAM, 500GB storage, and is compatible with Linux and Windows, both on-premises and cloud.","Can Lamini be efficiently run on-premises with limited resources, and what are the minimum system requirements?","Lamini is designed for efficiency, suitable for limited resources through techniques like pruning and distillation. Minimum requirements include a 16-core CPU, 16GB GPU VRAM, 32GB RAM, and 500GB storage, compatible with Linux and Windows.","Yes, you can use Lamini for training language models with limited computational resources.",Lamini is a web application that runs on a server. The server can be a physical server or a virtual server.,"Yes, Lamini can be run on-premises with limited resources. The minimum system requirements are:
- 1 CPU
- 2 GB","Yes, Lamini can be efficiently run on-premises with limited resources. The minimum system requirements for running Lamini include a computer with a multi-core processor, at least 8GB of RAM, and a GPU with at least 4GB of memory. Additionally, Lamini requires an operating system such as Linux or macOS, and a sufficient amount of disk space for storing data and models.  It is recommended to consult the Lamini documentation for",0.6787796020507812,0.8989121913909912
Can Lamini be used for training language models with limited computational resources?,"Yes, Lamini can be used for training language models with limited computational resources. The library is designed to be efficient and scalable, and supports various optimization techniques such as pruning, quantization, and distillation to reduce the computational requirements of training and inference. Additionally, Lamini provides pre-trained models that can be fine-tuned on specific tasks, which can further reduce the amount of computational resources needed for training.",What are the system requirements for running Lamini locally or on my own infrastructure?,"Lamini requires a GPU with at least 16GB of VRAM and a CPU with at least 16 cores for optimal performance. It also requires a minimum of 32GB of RAM and 500GB of storage. Additionally, Lamini supports Linux and Windows operating systems and can be run on-premises or in the cloud. For more detailed information, please refer to the Lamini documentation.","How can users with limited computational resources effectively use Lamini for language model training, considering its system requirements?","Users with limited resources can efficiently use Lamini for language model training by leveraging its optimization techniques such as pruning, quantization, and distillation. Despite its high system requirements for optimal performance, users can focus on fine-tuning pre-trained models rather than training from scratch, which significantly reduces computational demands.","Yes, you can use Lamini for training language models with limited computational resources.",Lamini is a web application that runs on a server. The server can be a physical server or a virtual server.,The system requirements for Lamini are very low. The only requirement is that the user has a computer with a CPU that supports SSE2.,"Users with limited computational resources can effectively use Lamini for language model training by selecting the appropriate model architecture and optimizing the training process. Lamini provides pre-trained models that can be fine-tuned on small datasets with limited computational resources. Additionally, Lamini offers distributed training capabilities that allow users to split the training process across multiple machines or GPUs, reducing the time required for training. Users can also adjust the learning rate and batch size to optimize the",0.5589691400527954,0.8645310401916504
Are there any specific use cases or scenarios where the integration of Lamini and ChatGPT is recommended for optimal results?,"The integration of Lamini and ChatGPT can be used for any scenario where natural language processing is required, such as chatbots, language translation, and text generation. Lamini provides a powerful framework for managing context and generating structured responses, while ChatGPT offers state-of-the-art language generation capabilities. Together, they can produce highly accurate and contextually relevant responses to a wide range of queries and prompts.",Can Lamini AI assist in summarizing large volumes of text or documents?,"No, Lamini AI does not offer any features for summarizing large volumes of text or documents.",How does the integration of Lamini and ChatGPT impact scenarios like document summarization where large volumes of text need to be processed and structured responses are required?,"While Lamini and ChatGPT can be integrated for tasks requiring structured language processing, Lamini does not specifically assist in summarizing large volumes of text. However, ChatGPT's capabilities in text generation and processing can be utilized for such tasks, compensating for Lamini's limitations in document summarization.","The integration of ChatGPT and Lamini is recommended for optimal results.
ChatGPT is a chatbot that can be integrated with Lamini. Chat","Yes, Lamini AI can assist in summarizing large volumes of text or documents.",The integration of ChatGPT and LAMINI is a game-changer for the document summarization industry. The combination of these two technologies will enable,"The integration of Lamini and ChatGPT can significantly impact scenarios like document summarization where large volumes of text need to be processed and structured responses are required. Lamini's LLM Engine can be used to fine-tune ChatGPT models on specific tasks related to document summarization, such as extracting key phrases or generating summaries based on specific criteria. This can lead to more accurate and efficient summarization processes, as Chat",0.44676584005355835,0.5584356784820557
"Do Lamini and MosaicML provide options for practitioners to make trade-offs between cost, time, and the quality of resulting models? If so, how do they differ in their approach?","Both Lamini and MosaicML aim to provide practitioners with options to make rational trade-offs between cost, time, and the quality of resulting models. However, the specific approaches and tools they offer to achieve these trade-offs may differ. It is advisable to consult the companies' documentation for detailed information on their respective approaches.",Can Lamini handle multimodal or multi-task learning scenarios for LLMs?,"Yes, Lamini supports multimodal learning, where both text and other types of data can be used for customization. It also allows for multi-task learning scenarios, where the model can be trained to perform multiple related tasks simultaneously.","In comparing Lamini and MosaicML, how do their strategies vary in terms of supporting multimodal learning and making cost-quality-time trade-offs for large language models?","While both Lamini and MosaicML facilitate cost-quality-time trade-offs and support large language models, Lamini is particularly adept at multimodal learning, integrating various data types, and enabling multi-task learning. MosaicML, on the other hand, might focus more on efficient training and optimization strategies. Specific approaches may differ, requiring a review of each company's documentation for detailed strategies.","Yes, they do. Lamini provides a set of options for practitioners to make trade-offs between cost, time, and the quality of resulting models. M","Yes, we can. We have a lot of experience in handling multimodal and multi-task learning scenarios for LLMs.",MosaicML is a new approach to multimodal learning that is based on the idea of using a large language model to generate a sequence of images.,"Lamini and MosaicML differ in their approaches to supporting multimodal learning and making cost-quality-time trade-offs for large language models. Lamini is primarily focused on text-based language models, while MosaicML offers a more comprehensive platform for multimodal learning, incorporating both text and other forms of data such as images and videos. In terms of cost-quality-time trade-offs, MosaicML",0.725536048412323,0.8639611601829529
