Question,Actual Answer,Generated Answer
What programming languages or frameworks does Lamini support? Do I need to have expertise in a specific language to use it effectively?,"Lamini currently has support in python and a REST API, so you do not need to have expertise in a specific language to use it effectively.","Lamini supports a variety of programming languages and frameworks, including Python, Java, and TensorFlow. While having expertise in one of these languages can be helpful, it is not necessary to use Lamini effectively. The platform provides a user-friendly interface and pre-built models that can be customized to suit your needs. Additionally, Lamini offers support and resources for developers to help them get started and resolve any issues that may arise."
"Does Lamini AI provide any features for generating text in different writing styles, such as academic, journalistic, or persuasive?","No, Lamini AI does not provide any features for generating text in different writing styles.","Yes, Lamini AI provides features for generating text in different writing styles, such as academic, journalistic, or persuasive. This can be achieved through fine-tuning the language model on specific datasets or by using pre-trained models that are tailored to specific writing styles. Additionally, Lamini AI offers tools for controlling the level of formality, tone, and other stylistic elements in the generated text."
What are the possible causes of Internal Server 500 errors in Lamini Python package?,"Internal server errors are usually caused by a misconfigured server, or an issue with the server's resources.","Internal Server 500 errors in Lamini Python package can occur due to various reasons such as misconfigured settings, insufficient memory or disk space, network connectivity issues, or conflicts with other system components. It is recommended to review the Lamini Python package documentation and troubleshooting guides to identify the root cause of the error and resolve it accordingly."
Are there any hyperparameter tuning options available in Lamini to optimize the performance of customized models?,Lamini is a powerful engine used to fine-tuning Language models on your data. You can optimize the performance of fine-tuning by providing high quality data and by trying out different models available.,"Yes, Lamini provides several hyperparameter tuning options to optimize the performance of customized models. These options include adjusting the learning rate, batch size, and number of epochs, as well as experimenting with different activation functions and regularization techniques. Additionally, Lamini offers pre-trained models that can be fine-tuned on specific tasks or domains, allowing for further customization and optimization of the model's performance."
How does the performance of LLMs trained using Lamini compare to models fine-tuned with traditional approaches?,"According to the information provided, Lamini allows developers to train high-performing LLMs on large datasets with just a few lines of code from the Lamini library. The optimizations in this library reach far beyond whatâ€™s available to developers now, from more challenging optimizations like RLHF to simpler ones like reducing hallucinations. While there is no direct comparison to traditional approaches mentioned, Lamini aims to make training LLMs faster and more accessible to a wider range of developers.","The performance of LLMs trained using Lamini can vary depending on the quality of the training data and the specific model architecture used. However, in general, LLMs trained with Lamini tend to perform better than models fine-tuned with traditional approaches due to the ability of Lamini to generate high-quality training data and optimize the model's parameters for the specific task at hand.  This is because Lamini uses a combination of machine learning algorithms and natural language processing techniques to generate high-quality training data that is tailored to the specific task or domain. Additionally, Lamini can optimize the model's parameters for the specific task or domain, which can lead to improved performance compared to traditional fine-tuning approaches."
How does the Lamini library handle input sequences of varying lengths during the inference process?,"The Lamini library handles input sequences of varying lengths during the inference process by using padding and truncation. The input sequences are padded with zeros to match the length of the longest sequence in the batch, and any sequences longer than the maximum sequence length are truncated. This ensures that all input sequences have the same length, which is necessary for efficient processing by the neural network.","The Lamini library provides support for handling input sequences of varying lengths during the inference process. This is achieved through the use of techniques such as padding and truncating, which allow the library to handle sequences of different lengths without sacrificing accuracy. Additionally, the library provides options for controlling the maximum sequence length and the maximum number of tokens to be generated during inference, allowing for fine-grained control over the length of the generated sequences."
Dguahsoatjoakepekohunkxmoetpmflkmfiuewhfuyqwbdjhwenktj,Iâ€™m having trouble understanding you. Can you try again?,Iâ€™m having trouble understanding you. Can you try again?
What programming languages does the Lamini library support?,"The Lamini library extends its support to multiple programming languages, including Python, JavaScript/TypeScript, and offers a REST API for language-agnostic development. This broad compatibility ensures that developers can seamlessly integrate Lamini's capabilities into their preferred programming environments, facilitating smooth and efficient implementation. Whether you are well-versed in Python, JavaScript, or require a language-agnostic approach, the flexibility of the Lamini library accommodates diverse technical requirements, empowering developers to harness its transformative potential in their projects. With this wide range of language support, Lamini provides a gateway to cutting-edge AI-driven language processing across different programming paradigms.","The Lamini library supports multiple programming languages, including Python, Java, JavaScript, and C++.  This allows developers to integrate Lamini into their existing projects and workflows, regardless of their preferred programming language.  Additionally, the library provides a REST API for accessing the LLM Engine, which can be accessed from any language that supports HTTP requests.  Overall, Lamini's support for multiple programming languages makes it a versatile tool for developers working on a wide range of projects."
How does Lamini handle generating text in scenarios where multiple input contexts or conversational history need to be taken into account?,"Lamini uses a technique called ""contextualized embeddings"" to take into account multiple input contexts and conversational history. This involves encoding the input text and context into a high-dimensional vector space, which allows Lamini to generate text that is coherent and relevant to the conversation. Additionally, Lamini can be fine-tuned on specific tasks or domains to further improve its ability to handle complex input contexts.","Lamini can handle generating text in scenarios where multiple input contexts or conversational history need to be taken into account by using techniques such as attention mechanisms, which allow the model to focus on specific parts of the input when generating the output. Additionally, Lamini can be trained on datasets that include multiple input contexts or conversational history, allowing the model to learn how to generate text that takes these factors into account."
Is it possible to fine-tune Lamini on a specific dataset for text classification tasks?,"Yes, it is possible to fine-tune Lamini on a specific dataset for text classification tasks. The code provided in the task information includes examples of using Lamini for text classification and fine-tuning it on specific datasets.","Yes, it is possible to fine-tune Lamini on a specific dataset for text classification tasks. Lamini allows for customization and fine-tuning of its models on specific datasets to improve their performance on text classification tasks. This can be done by providing Lamini with a labeled dataset of text examples, which it can use to train and improve its models. With fine-tuning, Lamini can learn to recognize and classify different types of text, such as spam vs. non-spam emails, positive vs. negative product reviews, and more."
Can Lamini be used to build conversational AI agents or chatbots?,"Yes, Lamini can be used to build conversational AI agents or chatbots. Lamini is a natural language processing engine that can be used to understand and generate human-like responses in a conversation. It can be integrated with various platforms and frameworks to build chatbots and conversational agents.","Yes, Lamini can be used to build conversational AI agents or chatbots. Its LLM Engine allows for the training of models on conversational data, enabling the creation of chatbots that can understand and respond to user input in a conversational manner. Additionally, Lamini provides tools for analyzing and improving the performance of these models, making it a powerful tool for building conversational AI systems."
Can Lamini and LangChain be used together in a complementary manner to leverage their respective strengths?,"Lamini and LangChain can potentially be used together in a complementary manner to leverage their respective strengths. For example, Lamini could be used for customizing a language model for a specific use case, and LangChain could be employed to orchestrate the trained model within a larger sequence of calls or chains.","Yes, Lamini and LangChain can be used together in a complementary manner to leverage their respective strengths. Lamini is a powerful LLM engine that can be used to generate high-quality text, while LangChain is a language model training platform that can be used to train and improve language models. By combining Lamini and LangChain, developers can create powerful language models that can be used for a wide range of applications, such as chatbots, virtual assistants, and language translation."
"Can Lamini be used for transfer learning, where a pre-trained model is further adapted to a specific domain or task?","Yes, Lamini can be used for transfer learning. Its powerful LLM engine allows for efficient adaptation of pre-trained models to specific domains or tasks.","Yes, Lamini can be used for transfer learning by fine-tuning a pre-trained model on a specific domain or task. This allows the model to leverage the knowledge it has gained from the pre-training process and adapt to the new domain or task with greater accuracy."
Who created lamini?,"Lamini was founded by Sharon Zhou and Greg Diamos, and an all-star team from Berkely, Stanford, Meta, VMWare, Apple, Baidu, and MLCommons. To know more about them, visit https://www.lamini.ai/company","Lamini was created by the amazing team at Lamini AI. They are a group of talented engineers and researchers dedicated to advancing the field of natural language processing and making it more accessible to everyone.  They have a diverse team with expertise in machine learning, deep learning, and natural language processing.  They are constantly pushing the boundaries of what is possible with language models and are committed to making a positive impact on society through their work.  They have a strong mission and vision for the future of language models and are dedicated to making them more powerful, more accessible, and more ethical.  They believe that language models have the potential to revolutionize many industries and make a significant impact on people's lives, and they are working tirelessly to make that vision a reality.  They have a strong track record of innovation and have developed some of the most advanced language models in the industry.  They are also committed"
Can Lamini's documentation be used to control the weather?,I wish! This documentation only talks about Laminiâ€™s LLM Engine.,I wish! This documentation only talks about Laminiâ€™s LLM Engine. ðŸš€
Can the Lamini documentation help me understand how to fine-tune a pre-trained model for a specific task or domain?,"Yes, the Lamini documentation provides guidance on how to fine-tune a pre-trained model for a specific task or domain. You can refer to the documentation for the specific pre-trained model you are using, as well as the general guidelines for fine-tuning provided in the Lamini documentation. Additionally, there are examples and tutorials available to help you get started with fine-tuning.","Yes, the Lamini documentation provides guidelines and best practices for fine-tuning pre-trained models for specific tasks or domains. It also includes examples and case studies demonstrating the effectiveness of fine-tuning pre-trained models in various applications. Additionally, the Lamini community and support channels can provide additional assistance and support during the fine-tuning process."
Are there any success stories or examples of non-technical users who have benefited from using Lamini?,"Currently Lamini provides a playground interface which can be used by non-technical users. However there are no success stories recorded or posted anywhere, but we encourage users to use Lamini platform and send feedback to info@powerml.co","Yes, there are several success stories and examples of non-technical users who have benefited from using Lamini. For instance, Lamini has been used by businesses to train their own language models without any technical expertise. Additionally, Lamini has been used by individuals to create personalized chatbots and virtual assistants for various applications. These success stories demonstrate the versatility and ease of use of Lamini, making it accessible to a wide range of users."
Are there any performance benchmarks or comparisons available to showcase the effectiveness of Lamini in comparison to other similar solutions?,Lamini is an LLM engine - this means that it can be used to produce models that may be compared to other models.,"Yes, there are several performance benchmarks and comparisons available to showcase the effectiveness of Lamini in comparison to other similar solutions. These benchmarks and comparisons can be found in various research papers and studies that have been conducted on Lamini. Some of these benchmarks include metrics such as perplexity, accuracy, and F1 score, which are commonly used to measure the performance of language models. Additionally, Lamini has been compared to other state-of-the-art language models such as GPT-3 and BERT in terms of its performance and capabilities. These comparisons provide valuable insights into the strengths and weaknesses of Lamini and its position in the field of natural language processing."
Can Lamini AI generate text that is suitable for generating product descriptions or marketing copy?,"Yes, Lamini AI can generate text that is suitable for generating product descriptions or marketing copy.","Yes, Lamini AI can generate text that is suitable for generating product descriptions or marketing copy. With its advanced language modeling capabilities, Lamini AI can generate high-quality and engaging content that effectively communicates the features and benefits of a product. Additionally, Lamini AI can be trained on specific product data to ensure that the generated text is accurate and up-to-date."
"Can Lamini handle different types of language models, such as transformer-based models or recurrent neural networks?","Yes, Lamini can handle different types of language models, including transformer-based models and recurrent neural networks. It uses the LLM Engine to interface with these models and can easily incorporate new models through the add_model() function.","Yes, Lamini can handle different types of language models, including transformer-based models and recurrent neural networks (RNNs). Lamini supports a wide range of language models, including open-source models like GPT-2 and GPT-3, as well as custom models built using Lamini's LLM Engine.  The LLM Engine allows developers to train and fine-tune language models on large datasets, and to customize the models for specific tasks or domains.  Lamini also provides pre-trained models for various languages and domains, which can be used as a starting point for customization.  Overall, Lamini's flexibility and support for different types of language models make it a powerful tool for building and customizing language models for a wide range of applications.  [/INST]"
Why do we hiccup?,Letâ€™s keep the discussion relevant to Lamini.,"Letâ€™s keep the discussion relevant to Lamini.  Hiccups occur when the diaphragm, a muscle located at the base of the lungs, contracts involuntarily. This can happen for a variety of reasons, including eating too quickly, drinking too much alcohol, or experiencing stress or excitement. Hiccups are usually temporary and resolve on their own within a few minutes. However, if hiccups persist or are accompanied by other symptoms such as pain or difficulty breathing, medical attention should be sought.  [/INST]>"
Does Lamini provide any mechanisms for model compression or optimization to reduce memory footprint?,"Yes, Lamini provides mechanisms for model compression and optimization to reduce memory footprint. These include techniques such as pruning, quantization, and distillation, which can significantly reduce the size of the model while maintaining its performance. Additionally, Lamini offers support for deploying customized LLMs on edge devices with limited resources, such as mobile phones or IoT devices, through techniques such as model quantization and on-device inference.","Yes, Lamini provides mechanisms for model compression and optimization to reduce memory footprint. This can be achieved through techniques such as pruning, quantization, and distillation.  These techniques can help reduce the size of the model and improve its efficiency, making it more suitable for deployment on resource-constrained devices.  Additionally, Lamini also supports the use of specialized hardware accelerators such as GPUs and TPUs to further optimize model performance and memory usage.  Overall, Lamini provides a range of tools and techniques to help developers optimize their models for efficient deployment and use."
Does Lamini have the ability to understand and generate regular expressions?,"Yes, Lamini has the ability to understand and generate regular expressions.","Yes, Lamini has the ability to understand and generate regular expressions. This is because Lamini is a powerful LLM engine that can be trained on a wide range of tasks, including natural language processing and text analysis. With regular expressions, Lamini can extract specific patterns and structures from text data, which can be useful for tasks such as text classification, sentiment analysis, and language translation. Additionally, Lamini can generate regular expressions based on user input, allowing users to create custom patterns for text analysis. Overall, Lamini's ability to understand and generate regular expressions makes it a powerful tool for text analysis and natural language processing tasks."
Is it possible to fine-tune an openAI model using Lamini's functions? How does Lamini integrate with openAI's models?,"Yes, it is possible to fine-tune an OpenAI model using Lamini's functions. Lamini provides a simple interface for fine-tuning OpenAI's GPT models on custom datasets. Lamini integrates with OpenAI's models by providing a higher level interface to their API, allowing for easier integration and customization.","Yes, it is possible to fine-tune an openAI model using Lamini's functions. Lamini integrates with openAI's models by providing a framework for training and deploying customized language models using openAI's technology. This allows users to leverage the power of openAI's models while still maintaining control over the training and deployment process."
How can I check the status of a submitted job and retrieve the results once it is completed?,"To check the status of a submitted job and retrieve the results once it is completed, you can use the llama.LLM.check_job_status() method. This method takes in the unique job id as a parameter and returns a dictionary with status information. The possible statuses include 'NOT_SCHEDULED', 'SCHEDULED', 'RUNNING', 'DONE', 'ERRORED', and 'CANCELED'. If the job is scheduled or running, the dictionary will also include information on the progress made, start time, time elapsed, average runtime per iteration, estimated total runtime, and estimated time remaining. Once the job is completed, you can retrieve the results using the llama.LLM.get_job_results() method, which also takes in the job id as a parameter.","You can check the status of a submitted job and retrieve the results once it is completed by using the `check_job_status()` function provided by the `llama` module. This function takes the job ID as an argument and returns a `JobStatus` object containing information about the job's status, such as whether it is running, completed, or failed. Once the job is completed, you can retrieve the results by using the `get_job_results()` function, which takes the job ID as an argument and returns a `JobResults` object containing the results of the job.  For example: `job_status = llama.check_job_status(job_id)` and `job_results = llama.get_job_results(job_id)`"
Why should I use lamini?,Lamini is a Python library that provides a simple interface for training and using language models. It is designed to be easy to use and integrate with existing machine learning workflows.,"Lamini is an LLM Engine that allows you to train and run your own Large Language Model (LLM) on your data. It is designed to be easy to use, even if you don't have a lot of experience with machine learning. With Lamini, you can create a custom LLM that is tailored to your specific needs and can generate text that is more accurate and natural-sounding than a general-purpose language model. Additionally, Lamini allows you to fine-tune and improve the performance of your LLM over time, making it a powerful tool for a wide range of applications."
"Does Lamini AI support transfer learning, allowing users to leverage pre-trained models for faster training?","Yes, Lamini AI supports transfer learning, allowing users to leverage pre-trained models for faster training.","Yes, Lamini AI supports transfer learning, allowing users to leverage pre-trained models for faster training. This can be useful for tasks where there is limited training data available, as pre-trained models can provide a good starting point for fine-tuning on the specific task at hand.  Additionally, Lamini AI provides a range of pre-trained models that can be used as a starting point for transfer learning, including models for text classification, sentiment analysis, and language translation.  By leveraging pre-trained models in this way, users can save time and resources compared to training a model from scratch.  However, it is important to carefully evaluate the performance of any pre-trained model before using it for transfer learning, as it may not be suitable for the specific task at hand.  Additionally, transfer learning may not always result in the best performance, as the pre-trained model may not capture all of"
Are there any code samples illustrating how to implement custom logging handlers?,"Yes, the Python logging module documentation provides several examples of how to implement custom logging handlers. You can find them in the official documentation here: https://docs.python.org/3/howto/logging-cookbook.html#developing-new-handlers","There is no information in Laminiâ€™s python library about implementing custom logging handlers.  However, if youâ€™d like to contribute a documentation sample to the documentation, please reach out to the Lamini team.  Weâ€™d be happy to help you get started!  Otherwise, if youâ€™d like to see an example of how to implement custom logging handlers, you can try looking at the Python logging documentation at https://docs.python.org/3/library/logging.html.  There, youâ€™ll find information on how to create your own logging handlers and how to use them in your code.  With a little creativity and some experimentation, you should be able to adapt this information to your needs and implement custom logging handlers for your Lamini program.  Just keep in mind that logging is a powerful tool that can help you diagnose issues and understand how your code is behaving, so itâ€™s important to use it"
Does Lamini support model versioning and management to handle updates and maintenance?,"With a focus on efficient model versioning and management, Lamini empowers users with streamlined processes for updates and maintenance. When a new LLM (Large Language Model) is created, designated by name="""", it generates a distinct version of the model. These versions are then associated with specific LLM Engine users, ensuring a clear and organized framework for tracking and managing different iterations of models. This systematic approach to versioning facilitates seamless updates and maintenance, allowing users to iterate on their language models with ease. By providing a structured system for model versioning and management, Lamini ensures that users can navigate the evolution of their language models efficiently, simplifying the process of incorporating updates and maintaining optimal performance.","Yes, Lamini supports model versioning and management to handle updates and maintenance. This allows developers to track changes to their models over time and manage different versions of their models for different purposes. Lamini provides tools and features for managing model versions, tracking changes, and comparing different versions of a model. This helps developers to maintain and update their models efficiently and effectively."
Can Lamini assist in generating content for news articles or blog posts?,"Lamini is capable of generating content for news articles or blog posts. If an LLM can do it, then you can use an LLM Engine to more easily train and run a model.","Yes, Lamini can assist in generating content for news articles or blog posts. With its language modeling capabilities, Lamini can generate high-quality and engaging content for various industries and topics.  However, it is important to note that the generated content should be reviewed and edited by human professionals to ensure accuracy and quality.  Additionally, Lamini can also be used to analyze and summarize news articles or blog posts to extract key information and insights.  Overall, Lamini is a powerful tool for content generation and analysis in various industries."
Can Lamini be used for generating code from natural language descriptions?,"Yes, Lamini can be used for generating code from natural language descriptions.","Yes, Lamini can be used for generating code from natural language descriptions. The LLM Engine in Lamini's python library can be used to generate code based on a given input description.  However, it is important to note that the quality and accuracy of the generated code may vary depending on the quality of the input description and the complexity of the task.  It is recommended to carefully review and test the generated code before using it in a production environment.  Additionally, it is important to consider the ethical and legal implications of using AI-generated code, and to ensure that it is compliant with relevant regulations and standards.  Overall, Lamini has the potential to be a powerful tool for generating code from natural language descriptions, but it is important to approach its use with caution and careful consideration."
What level of customization and flexibility does Lamini offer for tailoring LLMs to specific enterprise use cases?,"Lamini offers a high level of customization and flexibility for tailoring LLMs to specific enterprise use cases. It provides a wide range of options for fine-tuning models, including the ability to customize the training data, adjust hyperparameters, and incorporate domain-specific knowledge. Additionally, Lamini supports transfer learning, allowing developers to leverage pre-trained models and adapt them to their specific needs. Overall, Lamini is designed to be highly adaptable and customizable, making it a powerful tool for developing LLMs that meet the unique requirements of enterprise applications.","Lamini offers a high level of customization and flexibility for tailoring LLMs to specific enterprise use cases. With Lamini's LLM Engine, users can define their own input and output types, as well as specify the training data and parameters for the LLM. Additionally, Lamini provides a range of tools and features for fine-tuning and customizing the LLM to meet the specific needs of the enterprise. These include support for multiple languages, the ability to incorporate domain-specific knowledge and expertise, and the ability to integrate the LLM with other enterprise systems and tools. Overall, Lamini offers a high degree of flexibility and customization to help enterprises create LLMs that are tailored to their specific needs and use cases."
How do I create a Type class for data using the Lamini Python package?,"You can use the Type and Context classes in the library to create a Type class for data. For example, you can create an Animal type as follows: from llama import Type, Context class Animal(Type): name = str(Context=""name of the animal"") n_legs = int(Context=""number of legs that animal has"") llama_animal = Animal(name=""Larry"", n_legs=4)","To create a Type class for data using the Lamini Python package, you will need to define a class that inherits from the ""llama.types.Type"" class. Within this class, you will need to define the ""name"" attribute, which is a string that represents the name of the type. You will also need to define the ""fields"" attribute, which is a list of ""llama.types.Field"" objects that represent the fields within the type. Finally, you will need to define the ""__init__"" method, which is used to initialize the type with the appropriate values. 
Here is an example of how to create a Type class for data using the Lamini Python package:
import llama
class AnimalType(llama.types.Type):
    name = ""Animal""
    fields = [
        llama.types.Field(name=""name"", type=llama.types"
Does Lamini provide any functionality for summarizing or condensing lengthy texts?,"Yes, Lamini can assist with text summarization tasks by generating concise summaries of long documents or articles. This can be achieved through fine-tuning a pre-trained language model with Lamini on a summarization dataset, or by using one of the pre-built models or templates available in the platform as a starting point for customization. Lamini can also handle long or complex documents during the training process, and provide human-readable explanations for the predictions made by a customized language model.","Yes, Lamini provides functionality for summarizing or condensing lengthy texts. This can be achieved through the use of natural language processing (NLP) techniques, such as text compression or summarization algorithms, which can be integrated into Lamini's platform. These algorithms can analyze the content of a given text and generate a summary or condensed version of it, while preserving the most important information and key points. This can be particularly useful for tasks such as document summarization, news article summarization, or other applications where it is important to quickly understand the main points of a lengthy text."
"Can Lamini generate text that adheres to specific citation or referencing styles, such as APA or MLA?","Yes, Lamini can generate text that adheres to specific citation or referencing styles, such as APA or MLA. Lamini has the capability to incorporate citations and references to external sources in the generated text, and can be customized to follow specific formatting guidelines for different citation styles.","Yes, Lamini has the capability to generate text that adheres to specific citation or referencing styles, such as APA or MLA. This can be achieved by providing Lamini with the necessary formatting guidelines and citations during the text generation process."
What is the purpose of the Error Handling documentation in Lamini?,"The purpose of the Error Handling documentation in Lamini is to provide guidance on how to handle errors and exceptions when using the Lamini Python package. It includes information on how to resolve Internal Server 500 errors, how to update the Lamini Python package to the latest version, how to review the script for a mismatch in Type format, and how to add data to the LLM engine in Lamini.","The purpose of the Error Handling documentation in Lamini is to provide guidelines and best practices for handling errors and exceptions that may occur when using the library. It includes information on how to diagnose and resolve common errors, as well as strategies for improving error handling in custom code.  By following the guidelines provided in the Error Handling documentation, developers can improve the reliability and stability of their applications, and reduce the likelihood of errors and exceptions.  Additionally, the documentation includes examples of error handling strategies that can be adapted to specific use cases, making it a valuable resource for developers working with Lamini.  Overall, the Error Handling documentation is an important tool for developers working with Lamini, as it helps them to build robust and reliable applications that can handle errors and exceptions effectively.  By following the guidelines and best practices provided in the documentation, developers can improve the overall quality and reliability of their"
How does Lamini handle the explainability and interpretability of trained LLM models?,"Lamini provides several tools and functionalities for enhancing the interpretability and explainability of trained LLM models. These include attention mechanisms, which highlight the most important input tokens for each output token, and saliency maps, which visualize the contribution of each input token to the model's output. Lamini also supports the generation of natural language explanations or justifications for the model's predictions, which can help build trust and understanding with end-users. Additionally, Lamini provides tools for analyzing and visualizing the model's internal representations and decision boundaries, which can provide insights into how the model is making its predictions.","Lamini provides various tools and techniques for explaining and interpreting the decisions made by trained LLM models. These include attention mechanisms, saliency maps, and visualizations of the model's internal workings. Additionally, Lamini allows users to fine-tune and customize the models to better suit their specific needs and requirements."
How does Lamini AI handle requests for generating text that requires logical reasoning or problem-solving steps?,"Lamini AI offers features for generating text that requires complex reasoning or logical inference. It can handle user prompts that involve multiple language translations or language switching within the text, as well as user prompts that involve humor or wordplay. It also offers features for generating text that conforms to specific narrative structures, such as the hero's journey or three-act structure.","Lamini AI does not offer any features for generating text that requires logical reasoning or problem-solving steps.  However, if youâ€™d like us to help you with a task involving logical reasoning or problem-solving, weâ€™d be happy to assist you with that!  Just let us know how we can help.  Weâ€™re here to help you with any questions you may have.  Weâ€™re here to help you with any questions you may have.  Weâ€™re here to help you with any questions you may have.  Weâ€™re here to help you with any questions you may have.  Weâ€™re here to help you with any questions you may have.  Weâ€™re here to help you with any questions you may have.  Weâ€™re here to help you with any questions you may have.  Weâ€™re here to help you with any questions you may have.  Weâ€™re here to help"
Can you provide more information about the CC-BY license mentioned? What are the key terms or conditions associated with using Lamini in a commercial setting?,"Lamini allows for commercial use of their LLM technology under a permissive Apache 2.0 license unless otherwise specified. For more information, please reach out to Lamini directly.","The CC-BY license is a type of Creative Commons license that allows for the free use, sharing, and adaptation of creative works, as long as the original creator is credited and the work is shared under the same license. In the context of Lamini, the CC-BY license is used to allow users to freely use and adapt the code and models provided by Lamini for commercial purposes, as long as they give credit to the original creators of the code and models. 
In a commercial setting, there are some key terms and conditions to be aware of when using Lamini. Firstly, commercial use of Lamini requires a commercial license, which can be obtained by contacting the Lamini team. Secondly, any modifications or customizations made to the code or models provided by Lamini must be made available under the same CC-BY license, to ensure that the original creators are credited and their work can be freely used and"
"Do Lamini and MosaicML provide options for practitioners to make trade-offs between cost, time, and the quality of resulting models? If so, how do they differ in their approach?","Both Lamini and MosaicML aim to provide practitioners with options to make rational trade-offs between cost, time, and the quality of resulting models. However, the specific approaches and tools they offer to achieve these trade-offs may differ. It is advisable to consult the companies' documentation for detailed information on their respective approaches.","Yes, both Lamini and MosaicML provide options for practitioners to make trade-offs between cost, time, and the quality of resulting models. However, they differ in their approach. Lamini offers a user-friendly interface that allows practitioners to fine-tune pre-trained models and adjust hyperparameters to optimize performance. MosaicML, on the other hand, provides a more advanced platform that allows practitioners to design and train custom models using a variety of techniques, including reinforcement learning and transfer learning. MosaicML also offers more advanced analytics and visualization tools to help practitioners understand the performance of their models and make data-driven decisions. Ultimately, the choice between Lamini and MosaicML will depend on the specific needs and goals of the practitioner.  [/INST]"
What is RLHF and how does Lamini leverage it in LLM training?,"RLHF stands for ""Reinforcement Learning with Human Feedback"". It is a technique used in machine learning to improve the performance of language models. Lamini leverages RLHF in LLM training by providing a framework for incorporating feedback from human evaluators into the training process. This allows the model to learn from its mistakes and improve its performance over time. RLHF is particularly useful for tasks that require a high degree of accuracy and precision, such as language translation or text summarization.",RLHF stands for Replay-based Learning from Human Feedback. It is a technique used in machine learning to improve the performance of language models by leveraging human feedback in the form of corrections or ratings. Lamini leverages RLHF in LLM training by using the feedback to update the model's parameters and improve its accuracy over time.
How can I integrate Lamini into my existing software development workflow?,"Integrating Lamini into your existing software development workflow is a straightforward process. You can use the Lamini library as a standalone tool or integrate it with your existing machine learning pipelines or frameworks. The library supports multiple programming languages and platforms, making it easy to use with a wide range of software development tools. Additionally, there are resources and tutorials available to help beginners get started with Lamini.","Lamini can be integrated into your existing software development workflow by using the Lamini library in your code. You can also use the Lamini API to make requests to the Lamini server. Additionally, Lamini provides pre-trained models that can be fine-tuned on your own data, allowing you to customize the language model to your specific use case."
Does Lamini have any built-in mechanisms to detect and correct grammar or spelling errors in the generated text?,"Yes, Lamini has built-in mechanisms to detect and correct grammar and spelling errors in the generated text. It uses natural language processing techniques and machine learning algorithms to identify and correct errors, ensuring that the generated text is grammatically and syntactically correct.","Yes, Lamini has built-in mechanisms to detect and correct grammar or spelling errors in the generated text. This is done through the use of natural language processing (NLP) algorithms and machine learning models that are trained on large datasets of text. These models can identify and correct errors in real-time as the text is generated, ensuring that the output is accurate and error-free."
How does the `add_data()` function work in Lamini? What kind of data can be added using this function?,The `add_data()` function in Lamini is used to add examples or data to a program. It can take in a single example or a list of examples. The examples can be of any type and will be converted to a dictionary using the `value_to_dict()` function.,"The `add_data()` function in Lamini allows for the addition of new training data to the program. This data can be in the form of text, and can be used to improve the accuracy of the program's predictions. The data can be added using the `add_data()` function in the `Program` class, and can be accessed later in the program using the `get_data()` function.  The `add_data()` function takes in a single argument, which is the data to be added to the program. The data can be in any format that can be converted to a string, such as a JSON object or a CSV file.  The `add_data()` function is a powerful tool for improving the accuracy of the program's predictions, as it allows for the addition of new data to the program at any time during the training process.  By adding new data to the program, the program can learn to make more"
How do I include my API key in the Authorization HTTP header?,The Authorization HTTP header should include the API key in the following format: Authorization: Bearer <YOUR-KEY-HERE>.,"You can include your API key in the Authorization HTTP header by adding it as a Bearer token. For example, if your API key is ""your_api_key"", you can add it to the Authorization header as follows: Authorization: Bearer your_api_key.  This will authenticate you to the Lamini API and allow you to access its features.  For more information, see the Authorization section of the HTTP specification at https://tools.ietf.org/html/rfc7235#section-4.1.  If you have any trouble adding your API key to the Authorization header, you can contact the Lamini support team for assistance.  They are available to help you 24/7 and can answer any questions you may have about using the Lamini API.  With their help, you should be able to successfully add your API key to the Authorization header and start"
Are there any guidelines or recommendations on the number of iterations required for training a customized LLM with Lamini?,There are no specific guidelines or recommendations on the number of iterations required for training a customized LLM with Lamini. The number of iterations needed can vary depending on factors such as the complexity of the task and the amount of training data available. It is recommended to experiment with different numbers of iterations and evaluate the performance of the model to determine the optimal number for your specific use case.,"Yes, there are guidelines and recommendations on the number of iterations required for training a customized LLM with Lamini. The required number of iterations depends on various factors such as the quality of the training data, the complexity of the LLM, and the desired level of accuracy. It is generally recommended to start with a small number of iterations and gradually increase the number as needed. Additionally, it is important to monitor the performance of the LLM during training and adjust the number of iterations accordingly."
Are there any specific use cases or scenarios where the integration of Lamini and ChatGPT is recommended for optimal results?,"The integration of Lamini and ChatGPT can be used for any scenario where natural language processing is required, such as chatbots, language translation, and text generation. Lamini provides a powerful framework for managing context and generating structured responses, while ChatGPT offers state-of-the-art language generation capabilities. Together, they can produce highly accurate and contextually relevant responses to a wide range of queries and prompts.",
Does Lamini offer support for multi-user collaboration and version control for LLM training projects?,"Yes, Lamini supports multi-user collaboration and version control for LLM training projects. This allows multiple users to work on the same project simultaneously and keep track of changes made to the model. Lamini also provides tools for managing and merging different versions of the model, ensuring that everyone is working with the most up-to-date version.","Yes, Lamini offers support for multi-user collaboration and version control for LLM training projects. This allows multiple team members to work together on a project, track changes, and collaborate on the development of the LLM. Additionally, Lamini provides version control features to ensure that all team members are working with the most up-to-date code and models. This helps to streamline the development process and improve the overall quality of the LLM."
"Can Lamini generate text that follows a specific genre or writing convention, such as mystery, romance, or science fiction?","Yes, Lamini has the capability to generate text that follows specific genres or writing conventions, such as mystery, romance, or science fiction. Lamini's language models can be fine-tuned on specific genres or styles of writing, allowing for the generation of text that adheres to those conventions.","Yes, Lamini can generate text that follows a specific genre or writing convention, such as mystery, romance, or science fiction. Lamini's language models can be trained on specific genres or styles of writing, allowing it to generate text that adheres to the conventions of those genres. This can be useful for tasks such as writing news articles, creating marketing copy, or generating content for social media platforms.  With the right training data and parameters, Lamini can generate text that is consistent with the style and tone of a particular genre or writing convention.  However, it is important to note that the quality and accuracy of the generated text will depend on the quality and quantity of the training data, as well as the specific language models and algorithms used by Lamini.  Additionally, while Lamini can generate text that follows a specific genre or writing convention, it may not be able to capture the nuances and subtleties of human"
"Can I teach Lamini about things that I like or know a lot about, like my favorite animals or hobbies?","Absolutely! One of the fascinating aspects of Lamini is its capacity to learn and adapt to specific interests and knowledge domains. By utilizing the customization capabilities of Lamini, you can impart your expertise on various topics, such as your favorite animals, hobbies, or any subject matter close to your heart. Whether you have a profound understanding of marine biology, an avid passion for astrophysics, or an encyclopedic knowledge of ancient civilizations, Lamini can be trained to generate text that aligns with your areas of expertise. This personalized touch empowers you to engage with the model in a meaningful way, creating a dynamic experience that reflects your unique perspective. With Lamini as your partner, the possibilities for exploring and expanding your interests are boundless.","Yes, you can use the Lamini library to train a language model on any text data, including information about your favorite animals or hobbies. This allows you to create a customized language model that is tailored to your specific needs and interests."
Does LangChain provide more comprehensive integration options with external tools compared to Lamini?,"LangChain provides comprehensive integration options with external tools, offering a wide range of integrations to enhance the functionality and flexibility of working with chains. Lamini, while focusing primarily on language model training and customization, may have fewer built-in integrations compared to LangChain.","Yes, LangChain provides more comprehensive integration options with external tools compared to Lamini. LangChain is designed to be a flexible and extensible platform for building language models, and it offers a wide range of integration options with external tools and services. This allows developers to easily incorporate LangChain into their existing workflows and pipelines, and to leverage the power of language models in a variety of applications. In contrast, Lamini is primarily focused on providing a simple and user-friendly interface for training and using language models, and it may not offer as many integration options with external tools.  However, Lamini does provide some integration options with external tools, such as the ability to import data from external sources and to export trained models for use in other applications.  Ultimately, the choice between LangChain and Lamini will depend on the specific needs and requirements of the project at hand."
What is the process involved when using the `submit_job()` function in Lamini? How does it interact with the model?,"When using the `submit_job()` function in Lamini, the user is able to submit a training job to the system. This function takes in the model name, dataset, input type, and output type as parameters. Once the job is submitted, Lamini will begin training the model on the specified dataset. The `submit_job()` function interacts with the model by providing it with the necessary data to train on and updating the model's parameters as it learns from the data. Once the training is complete, the user can retrieve the results using the `gen_job_results()` function.","The `submit_job()` function in Lamini is used to submit a job for training a machine learning model. It takes in several parameters such as the name of the job, the input and output types, and the hyperparameters for the model. Once the job is submitted, Lamini uses the input data to train the model and returns the trained model to the user. The `submit_job()` function interacts with the model by defining the input and output types, specifying the hyperparameters for the model, and training the model using the input data."
,"Did you type something, I am having trouble understanding","I am a Lamini Bot, I am here to help you with questions related to Lamini"
How can I handle long texts or documents when using the Lamini library? Are there any limitations or considerations?,"When working with long texts or documents in the Lamini library, it is important to consider the computational resources required for processing and training the model. Depending on the size and complexity of the input data, it may be necessary to use techniques such as batching, truncation, or attention mechanisms to ensure efficient and effective processing. Additionally, it is important to consider the trade-offs between model size, performance, and inference speed when customizing LLMs with Lamini. Overall, careful planning and optimization can help mitigate any limitations or challenges associated with handling long texts or documents in the Lamini library.","Yes, there are some limitations and considerations when handling long texts or documents when using the Lamini library. One limitation is that the library may not be able to handle very large or complex documents efficiently. Additionally, there may be limitations on the size of the input data that can be processed by the library's LLM engine. It is recommended to split larger documents into smaller chunks or to use other preprocessing techniques to reduce the size of the input data. It is also important to consider the computational resources required to process longer documents and to ensure that the library is able to handle the volume of data being processed. Finally, it is important to consider the performance and accuracy of the LLM engine when processing longer documents, as this may be impacted by factors such as the size of the training dataset, the complexity of the language model architecture, and the quality of the preprocessing techniques used."
Does Lamini have the capability to generate text that includes fictional character descriptions or world-building details?,"Yes, Lamini has the capability to generate text that includes fictional character descriptions or world-building details. With its language model capabilities, Lamini can create detailed and immersive descriptions of characters and their surroundings, bringing fictional worlds to life. This can be useful for a variety of applications, such as video game development, novel writing, or even marketing campaigns for products set in fictional universes.","Yes, Lamini has the capability to generate text that includes fictional character descriptions or world-building details. This can be achieved by providing Lamini with relevant prompts and training data that include such details. Lamini's language models can then use this information to generate text that incorporates these elements in a coherent and contextually appropriate manner.  For example, if you provide Lamini with a prompt like ""write a story about a group of adventurers exploring a mystical forest,"" it can generate text that includes detailed descriptions of the characters, their motivations, and the fantastical elements of the forest.  Overall, Lamini's ability to generate text that includes fictional character descriptions or world-building details makes it a powerful tool for creative writing and storytelling applications."
Are there any methods or functions in the Lamini library that allow for controlling the level of specificity or detail in the generated text outputs?,"Yes, the LLM Engine in the Lamini library allows for controlling the level of specificity or detail in the generated text outputs through the use of input and output types. By defining more specific input and output types, the generated text can be tailored to a particular task or domain. Additionally, the LLM Engine allows for the use of context variables to provide additional information and control over the generated text.","Yes, there are several methods and functions in the Lamini library that allow for controlling the level of specificity or detail in the generated text outputs. For example, the ""add_data"" function can be used to add new training data to the model, which can then be used to generate more specific or detailed text outputs. Additionally, the ""get_model"" function can be used to retrieve a pre-trained language model that has been trained on a specific domain or task, which can also be used to generate more specific or detailed text outputs. Other methods and functions in the Lamini library that may be useful for controlling the level of specificity or detail in generated text outputs include ""add_data_fn"" and ""get_data_fn"".  [/INST]"
Can Lamini be used to create characters or personalities for video games?,"No, Lamini is not specifically designed for creating characters or personalities for video games. However, it can be used for natural language generation tasks, which may be useful in creating dialogue or narrative for video game characters.","Yes, Lamini can be used to create characters or personalities for video games. Lamini is a language model that can generate text based on a given prompt or input. With the right input and training, Lamini can be used to create unique and interesting characters or personalities for video games. This can be useful for game developers who want to create engaging and immersive experiences for their players."
Are there any limitations or things I should be aware of when using Lamini?,"Yes, there are some limitations and considerations to keep in mind when using Lamini. For example, Lamini is a language model and may not always provide accurate or complete responses. Additionally, Lamini's performance may be affected by the quality and quantity of data used to train it. It's also important to note that Lamini is a cloud-based service and requires an internet connection to function.","Yes, there are some limitations and things to be aware of when using Lamini. One limitation is that Lamini can only generate text based on the data it has been trained on, so it may not be able to generate text that is completely novel or outside of its training data. Additionally, Lamini may not be able to handle certain types of text or generate text that is grammatically correct in all cases. It is also important to be aware of the potential for bias in the training data and to take steps to mitigate this. Finally, it is important to be aware of the legal and ethical implications of using a language model like Lamini, and to ensure that it is being used responsibly and ethically."
Can Lamini be integrated with other artificial intelligence platforms?,"Yes, Lamini AI can be integrated with other artificial intelligence platforms.","Yes, Lamini can be integrated with other artificial intelligence platforms. It is designed to be compatible with a wide range of platforms and technologies, allowing for seamless integration and collaboration between different AI systems. This enables developers to leverage the full potential of Lamini's capabilities and create more sophisticated and powerful AI solutions."
"Can Lamini generate text that is suitable for specific audiences or target demographics, such as children or professionals?","Yes, Lamini can generate text that is suitable for specific audiences or target demographics, such as children or professionals. Lamini allows for customization of the language and tone used in the generated text, making it possible to tailor the output to the intended audience. Additionally, Lamini's ability to understand and generate text in multiple languages further expands its potential audience reach.","Yes, Lamini can generate text that is suitable for specific audiences or target demographics, such as children or professionals. Lamini's language models can be trained on specific datasets and can generate text that is tailored to the intended audience. This can be useful in a variety of applications, such as creating educational materials for children or generating technical documentation for professionals."
Are there any limitations or considerations when using Lamini for generating text with domain-specific or technical terms?,"When generating text with domain-specific or technical terms using Lamini, it is important to ensure that the training data includes a sufficient amount of relevant examples. Additionally, it may be necessary to manually add or modify the vocabulary used by the model to include the necessary technical terms. It is also recommended to evaluate the performance of the customized LLM on a separate validation set to ensure that it is able to accurately generate text with the desired technical terminology.","Yes, there are some limitations and considerations when using Lamini for generating text with domain-specific or technical terms. One limitation is that Lamini may not be able to understand or generate text that includes domain-specific jargon or technical terms that it has not been trained on. Additionally, Lamini may not be able to generate text that accurately reflects the nuances and complexities of domain-specific terminology. It is important to carefully curate and fine-tune Lamini's training data to ensure that it is able to generate text that accurately reflects the domain-specific terminology and concepts. Additionally, it may be necessary to provide Lamini with additional training data or feedback to improve its ability to generate text with domain-specific or technical terms."
"How does Lamini handle compliance requirements, such as data governance, regulatory standards, or industry certifications?","Lamini takes compliance requirements seriously and provides features to ensure data governance, regulatory standards, and industry certifications are met. This includes encryption of sensitive data, access controls, and audit trails to track user activity. Additionally, Lamini can be deployed on-premises or in a virtual private cloud (VPC) to meet specific compliance needs.","Lamini takes compliance requirements seriously and has measures in place to ensure that its users are compliant with data governance, regulatory standards, and industry certifications. It provides tools and features to help users manage and track their data, as well as to ensure that their models are trained and deployed in a compliant manner. Additionally, Lamini works with regulatory bodies and industry experts to stay up-to-date on the latest compliance requirements and best practices."
Can Lamini be used for generating content for personal blogs or social media posts?,"Yes, Lamini can be used for generating content for personal blogs or social media posts. Its natural language generation capabilities can help create engaging and informative content for various platforms. However, it is important to ensure that the generated content aligns with the brand voice and tone.","Yes, Lamini can be used for generating content for personal blogs or social media posts. Its natural language generation capabilities allow it to generate text based on a given prompt or topic, making it a useful tool for creating content quickly and efficiently.  However, it is important to note that the quality of the generated content will depend on the quality of the input data and the training of the Lamini model.  It is recommended to fine-tune the model on a specific domain or topic to generate high-quality content.  Additionally, it is important to review and edit the generated content to ensure it meets the desired standards.  Overall, Lamini has great potential for generating content for personal blogs or social media posts, but it is important to use it responsibly and ethically."
"Can both Lamini and ChatGPT be used commercially, or are there limitations?",Both can be used commercially according to their terms of service.  One limitation of ChatGPT is that its terms of service restrict users from creating competing language models using ChatGPT.  Lamini allows users to create their own language models.,"Both Lamini and ChatGPT can be used commercially, but there may be limitations depending on the specific use case and the amount of training data available. It is recommended to consult with the respective companies for more information."
Is there any support or community available to help me if I have questions or need assistance while using Lamini?,"Yes, there is a support community available to assist you with any questions or issues you may have while using Lamini. You can join the Lamini Discord server or reach out to the Lamini team directly for assistance.","Yes, Lamini provides support and community resources to help users with any questions or issues they may encounter while using the platform. This includes documentation, tutorials, and forums where users can ask questions and get answers from other users and Lamini experts. Additionally, Lamini offers technical support and assistance to help users resolve any technical issues they may encounter while using the platform."
"Can Lamini generate text with a specific emotional tone, such as conveying happiness, sadness, or excitement?","Yes, Lamini has the ability to generate text with a specific emotional tone. By adjusting the input prompts and parameters, Lamini can generate text that conveys happiness, sadness, excitement, or any other desired emotional tone.","Yes, Lamini can generate text with a specific emotional tone, such as conveying happiness, sadness, or excitement. This can be achieved by fine-tuning the language model on a dataset that includes examples of text with the desired emotional tone, or by using specialized techniques such as sentiment analysis or emotional classification.  Additionally, Lamini can also be used to analyze and understand the emotional tone of text, which can be useful in a variety of applications such as sentiment analysis, text summarization, and chatbots.  Overall, Lamini's ability to generate text with a specific emotional tone makes it a powerful tool for a wide range of natural language processing tasks."
How does Lamini handle generating text with grammatical or syntactic correctness?,Lamini uses advanced natural language processing algorithms and techniques to ensure that the text it generates is grammatically and syntactically correct. It also has built-in mechanisms to detect and correct errors in grammar and punctuation.,"Lamini uses a combination of natural language processing (NLP) techniques and machine learning algorithms to ensure that the generated text is grammatically and syntactically correct. This includes analyzing the input context, identifying the parts of speech, and generating text that adheres to the rules of grammar and syntax. Additionally, Lamini can be trained on specific grammar or syntax rules to further improve the accuracy of the generated text."
Does Lamini offer mechanisms to control the level of detail or granularity in the generated text?,"Yes, Lamini offers mechanisms to control the level of detail or granularity in the generated text. This can be achieved through adjusting the model's hyperparameters or by providing specific prompts or keywords to guide the text generation process. Additionally, Lamini's LLM training module allows for customization and fine-tuning of models to better suit specific tasks or domains, which can also impact the level of detail in the generated text.","Yes, Lamini offers mechanisms to control the level of detail or granularity in the generated text. This can be achieved through various techniques such as adjusting the length or complexity of the generated text, using specific keywords or phrases, or incorporating specific formatting or styling elements. Additionally, Lamini allows for the use of conditioning prompts or templates to guide the generation of text with specific levels of detail or granularity.  Overall, Lamini provides a range of options and tools for controlling the level of detail or granularity in generated text, allowing for flexibility and customization in the text generation process."
Can Lamini generate text that conforms to specific storytelling structures or narrative arcs?,"Yes, Lamini has the capability to generate text that follows specific storytelling structures or narrative arcs. This can include the three-act structure, the hero's journey, or other established conventions in various genres. Lamini can also incorporate elements such as character development, plot twists, and sensory descriptions to enhance the narrative.","Yes, Lamini has the ability to generate text that conforms to specific storytelling structures or narrative arcs. This can be achieved through the use of pre-defined templates or by providing Lamini with specific guidelines or prompts. Additionally, Lamini can be trained on specific genres or styles of storytelling to further refine its ability to generate text that adheres to specific structures or arcs."
How do I get support or assistance with using Lamini?,Lamini AI provides technical support and assistance to its users. You can contact their support team for assistance with using Lamini.,"You can get support or assistance with using Lamini by contacting the Lamini team through their website or by reaching out to them on social media. They also have a community forum where you can ask questions and get help from other users. Additionally, Lamini provides documentation and tutorials to help you get started with using the platform."
Is Lamini capable of understanding and generating code for specific frameworks or libraries?,"Lamini can be customized to understand and generate code for specific frameworks or libraries, but it requires training on relevant data and examples. The customization process involves providing Lamini with input data that includes code snippets and associated natural language descriptions, which it can use to learn the syntax and semantics of the target framework or library. Once trained, the customized Lamini model can generate code snippets or provide programming assistance in the specific language or framework.","Yes, Lamini is capable of understanding and generating code for specific frameworks or libraries. With its LLM Engine, Lamini can generate code for a wide range of tasks, including natural language processing, computer vision, and machine learning. Additionally, Lamini provides pre-trained models for specific tasks, such as text classification and sentiment analysis, which can be fine-tuned and customized for specific use cases."
Can Lamini handle multimodal or multi-task learning scenarios for LLMs?,"Yes, Lamini supports multimodal learning, where both text and other types of data can be used for customization. It also allows for multi-task learning scenarios, where the model can be trained to perform multiple related tasks simultaneously.","Yes, Lamini can handle multimodal or multi-task learning scenarios for LLMs. It supports various types of input data, including text, images, audio, and other forms of structured or unstructured data. Additionally, Lamini allows for the training of multiple LLMs simultaneously on different tasks or datasets, making it a powerful tool for multimodal or multi-task learning scenarios."
Can I find information about the code's approach to handling search and indexing functionality?,"Yes, the code includes classes for handling search and indexing functionality, such as KeywordImportanceScores, RankedKeywordData, KeywordData, and RankedKeyword. These classes are used to represent data related to ranked keywords and their importance, market share, and semantic relevance to webpage elements. Additionally, the code includes functions for creating these data structures from input data, such as create_ranked_keyword_data, create_keyword_data, create_ranked_keyword, and create_headings.","There is no information in Laminiâ€™s python library about handling search and indexing functionality.  However, Laminiâ€™s LLM Engine can be used to create models that can be used for search and indexing functionality.  Reach out to the Lamini team for more information.  The LLM Engine can be used to create models that can be used for search and indexing functionality.  Reach out to the Lamini team for more information.  The LLM Engine can be used to create models that can be used for search and indexing functionality.  Reach out to the Lamini team for more information.  The LLM Engine can be used to create models that can be used for search and indexing functionality.  Reach out to the Lamini team for more information.  The LLM Engine can be used to create models that can be used for search and indexing functionality.  Reach out to the Lamini team for more information.  The"
Are there any resources or examples available to learn and experiment with Lamini?,"Yes, there are several resources and examples available to learn and experiment with Lamini. The official Lamini website provides documentation, tutorials, and code examples to help developers get started with the library. Additionally, there are several open-source projects and repositories on platforms like GitHub that showcase the use of Lamini for various language modeling tasks. Finally, the Lamini community forum and support channels are great resources for getting help and advice from other developers using the library.","Yes, there are resources and examples available to learn and experiment with Lamini. The Lamini documentation provides detailed information on how to use the platform, and there are also tutorials and examples available online. Additionally, the Lamini community is active and supportive, and there are many forums and discussion groups where users can ask questions and share their experiences."
Can Lamini AI generate text that emulates the writing style of a specific author or personality?,"No, Lamini AI does not offer any features for generating text that emulates the writing style of a specific author or personality.","Yes, Lamini AI can generate text that emulates the writing style of a specific author or personality. This can be achieved by providing Lamini AI with a dataset of the author's or personality's writing samples, which it can use to learn their unique writing style. Lamini AI can then generate new text that mimics the style of the author or personality, while still maintaining its own creativity and originality."
Can Lamini AI be used for generating personalized content based on user preferences?,"Yes, Lamini AI can be used for generating personalized content based on user preferences.","Yes, Lamini AI can be used for generating personalized content based on user preferences. With its LLM Engine, Lamini AI can train models on user data and generate content that is tailored to their specific interests and preferences. This can be particularly useful in industries such as marketing and advertising, where personalized content is highly valued."
Does Lamini support generating code for speech synthesis tasks?,"Yes, Lamini supports generating code for speech synthesis tasks through its LlamaEngine module.","Yes, Lamini supports generating code for speech synthesis tasks using its LLM Engine.  The LLM Engine is a powerful tool that can be used to generate code for a wide range of tasks, including speech synthesis. With the LLM Engine, you can train a language model on a large dataset of speech synthesis examples, and then use that trained model to generate code for speech synthesis tasks. This can save a significant amount of time and effort compared to training a new language model from scratch. Additionally, the LLM Engine supports a wide range of programming languages and frameworks, making it a versatile tool for a variety of applications."
How can I find the specific documentation I need for a particular feature or function?,"You can ask this model about documentation, which is trained on our publicly available docs and source code, or you can go to https://lamini-ai.github.io/.","You can find the specific documentation you need for a particular feature or function by using the Lamini documentation search bar. Simply type in the relevant keywords or phrases related to the feature or function you are looking for, and the search bar will return relevant results. Alternatively, you can also refer to the Lamini documentation index, which provides a comprehensive list of all the features and functions available in the platform."
Can the documentation make you instantly gain six-pack abs?,I wish! This documentation only talks about Laminiâ€™s LLM Engine.,I wish! This documentation only talks about Laminiâ€™s LLM Engine.  To learn more visit https://lamini.ai/ for more information ðŸš€ ðŸŽ‰ ðŸŒŸ ðŸš€ ðŸŽ‰ ðŸŒŸ ðŸš€ ðŸŽ‰ ðŸŒŸ ðŸš€ ðŸŽ‰ ðŸŒŸ ðŸš€ ðŸŽ‰ ðŸŒŸ ðŸš€ ðŸŽ‰ ðŸŒŸ ðŸš€ ðŸŽ‰ ðŸŒŸ ðŸš€ ðŸŽ‰ ðŸŒŸ ðŸš€ ðŸŽ‰ ðŸŒŸ ðŸš€ ðŸŽ‰ ðŸŒŸ ðŸš€ ðŸŽ‰ ï¿½
Is there a section explaining the code's architecture and design patterns?,"Lamini is proprietary software - but language models are not. If youâ€™d like to learn more about language models, there are many excellent online resources. Our co-founder Sharon Zhou has released many online courses about language models. Check her out to learn more! Iâ€™d also suggest reading seminal papers on LLMs in particular the paper â€œAttention is All You Needâ€.","There is no information in Laminiâ€™s documentation about the codeâ€™s architecture or design patterns.  However, Lamini is an LLM Engine that can be used to build LLMs.  If youâ€™d like to know more about the codeâ€™s architecture or design patterns, Iâ€™d suggest reaching out to the Lamini team directly.  They should be able to provide you with more information about their codebase and how itâ€™s structured.  Additionally, you may be able to find information about the codeâ€™s architecture and design patterns in the source code repository for the Lamini project.  However, itâ€™s important to note that this information may not be publicly available, and you may need to request access to the repository or reach out to the Lamini team directly for more information.  In any case, if you have any questions about the codeâ€™s architecture or design patterns, Iâ€™d suggest reaching out to the"
Are there any examples of using Lamini for question-answering tasks?,"Yes, there is an example of using Lamini for question-answering tasks in Laminiâ€™s python library. The ""TestCreateDocs"" class in the ""test_unpaired_data.py"" file demonstrates how to use Lamini to answer a question. Specifically, the ""test_create_with_add_data"" method creates an instance of the LLM Engine, inputs a question (""What is Lamini?""), and outputs an answer using the ""Answer"" class. The method then adds data (a single document) to the LLM Engine and repeats the process, showing how the added data can improve the answer.","Yes, there are several examples of using Lamini for question-answering tasks. One example is the ""Question Answering with Lamini"" section of the Lamini documentation, which provides a step-by-step guide for using Lamini to answer questions based on a given set of examples. Another example is the ""Question Answering with LLM Engine"" section, which demonstrates how to use Lamini's LLM Engine to fine-tune a language model for question-answering tasks. Additionally, there are several examples and walkthroughs available online that demonstrate how to use Lamini for question-answering tasks."
"Does Lamini have the ability to generate text that is suitable for different age groups, such as children, teenagers, or adults?","Yes, Lamini has the capability to generate text that is suitable for different age groups, including children, teenagers, and adults. The language and complexity of the text can be adjusted based on the intended audience, allowing for tailored content generation.","Yes, Lamini has the ability to generate text that is suitable for different age groups, such as children, teenagers, or adults. This can be achieved through fine-tuning the language model on age-appropriate datasets and adjusting the level of complexity and sophistication in the generated text. Additionally, Lamini can be customized to incorporate age-specific terminology and vocabulary to ensure that the generated text is appropriate for the intended audience."
How do I instantiate the LLM engine using the Lamini Python package?,"You can instantiate the LLM engine using the llama module in the Lamini Python package. To do this, you need to import the LLM engine from the llama module, like this: from llama import LLM.","To instantiate the LLM engine using the Lamini Python package, you can use the `LLM` class from the `llama` module. For example, you can create an instance of the `LLM` class with the name of the LLM engine you want to use, and then call the `add_data` method to add training data to the engine. Here is an example:
```
from llama import LLM

# Create an instance of the LLM engine with the name ""llama_large""
llama_large = LLM(""llama_large"")
# Add some training data to the engine
llama_large.add_data(""Hello, I am a large language model trained by the amazing team at Lamini. I am here to help you with any questions you may have."")
# Use the engine to generate some text
generated_text = llama_large.generate"
"Does Lamini have mechanisms to generate text with consistent and coherent pronoun usage, especially in long-form or multi-turn conversations?","Yes, Lamini has the ability to generate text with appropriate pronoun references and gender inclusivity, even in long-form or multi-turn conversations. Lamini's language models are trained on large datasets that include diverse language usage, and the system is designed to maintain coherence and logical flow between sentences and paragraphs. Additionally, Lamini can be fine-tuned or customized for specific tasks or domains, which can further improve its ability to generate text with consistent and coherent pronoun usage.","Yes, Lamini has mechanisms to generate text with consistent and coherent pronoun usage, especially in long-form or multi-turn conversations. This is achieved through advanced natural language processing algorithms that analyze the context and meaning of pronouns in the generated text, ensuring that they are used correctly and consistently throughout the conversation. Additionally, Lamini can be fine-tuned or customized to specific domains or use cases to further improve the accuracy and coherence of pronoun usage in generated text."
How accurate and reliable is the text generated by Lamini?,"The accuracy and reliability of the text generated by Lamini depend on various factors, such as the quality of the input data, the complexity of the task, and the specific configuration of the model. However, in general, Lamini has shown promising results in generating text with grammatical and syntactic correctness, as well as coherence and relevance to the given prompt. It is important to note that, like any AI-based tool, Lamini may still produce errors or inconsistencies, and it is recommended to review and edit the generated text before using it in any critical or sensitive context.","The accuracy and reliability of the text generated by Lamini depends on various factors such as the quality of the training data, the model used, and the specific task or application. While Lamini has been known to produce high-quality and coherent text, it is important to carefully evaluate and test the generated text to ensure accuracy and reliability. Additionally, Lamini offers features such as fine-tuning and data augmentation to further improve the quality of the generated text."
Are there any code samples illustrating how to handle authentication and authorization?,"Yes, there is a separate section in the documentation explaining authentication, for more information visit https://lamini-ai.github.io/auth/","Yes, there are code samples illustrating how to handle authentication and authorization in the Lamini documentation.  You can find them in the Authentication and Authorization section of the documentation.  These samples show you how to implement authentication and authorization in your application using Lamini's authentication and authorization features.  With these samples, you can easily integrate authentication and authorization into your application and ensure that only authorized users have access to sensitive data and resources.  Additionally, the samples demonstrate how to handle errors and exceptions related to authentication and authorization, providing a robust and reliable authentication and authorization system for your application.  Overall, the code samples in the Authentication and Authorization section of the Lamini documentation provide a valuable resource for developers looking to implement authentication and authorization in their application using Lamini.  With these samples, you can quickly and easily integrate authentication and authorization into your application and ensure that it is secure and reliable.  Whether you are a seasoned developer or"
Does Lamini provide any mechanisms for active learning or iterative training to improve model performance over time?,"The LLM Engine from the llama library does support online learning, which allows for updating the model with new data over time. Additionally, the llama library provides tools for model evaluation and selection, which can aid in improving model performance.","Yes, Lamini provides several mechanisms for active learning and iterative training to improve model performance over time. These include techniques such as prompt-tuning, where the model is fine-tuned on a small set of prompts to improve its performance on a specific task, and reinforcement learning, where the model is trained to take actions that maximize a reward signal. Additionally, Lamini supports the use of transfer learning, where a pre-trained model is fine-tuned on a new task to improve performance."
How do I handle network connection errors in Lamini Python package?,"Network connection errors can be handled by making sure that the network connection is stable and that the server is properly configured. Additionally, you can check the Lamini documentation for more information on how to handle network connection errors.","To handle network connection errors in the Lamini Python package, you can use the `LlamaError` class to catch and handle errors that occur during network communication. You can also use the `LLM.add_error_handler()` method to specify a custom error handler function that will be called when an error occurs. Additionally, you can use the `LLM.set_error_policy()` method to set the error policy for the LLM, which can help to handle errors more effectively."
"Can I export and deploy Lamini models for offline or edge device inference, and what are the requirements for such deployment?","Yes, Lamini models can be exported and deployed for offline or edge device inference. The requirements for such deployment include a compatible hardware platform, such as a GPU or specialized inference chip, and a software framework for running the model, such as TensorFlow or PyTorch. Additionally, the model may need to be optimized or compressed to reduce its memory footprint and improve inference speed on resource-constrained devices.","Yes, Lamini models can be exported and deployed for offline or edge device inference. The requirements for such deployment include having the necessary hardware and software resources, such as GPUs or TPUs, and ensuring that the model is optimized for inference on the target device. Additionally, it may be necessary to fine-tune the model on the target data to achieve the desired performance."
Can I fine-tune Lamini on my own dataset or specific domain?,"Absolutely, you can train your custom Language model using Lamini on your own dataset","Yes, Lamini allows for fine-tuning on your own dataset or specific domain. This can be done by providing your own training data and specifying the model architecture and hyperparameters to use during the fine-tuning process. Lamini also supports transfer learning, where a pre-trained model can be fine-tuned on your own data to improve performance."
Is it possible to use Lamini for automated essay grading or evaluation?,"Lamini can be used for automated essay grading or evaluation, but it would require training the engine on a specific set of criteria and providing it with a large enough dataset of essays to learn from. It may also require additional customization and fine-tuning to ensure accurate and reliable results.","Yes, it is possible to use Lamini for automated essay grading or evaluation. Lamini can be trained on a dataset of essays and their corresponding grades or feedback, and can then use this training data to generate predictions on new essays. However, it is important to note that the accuracy of the predictions will depend on the quality and quantity of the training data, as well as the complexity and nuance of the essay prompts. Additionally, it is important to consider the ethical implications of using AI for automated essay grading, as it may lead to biases or inaccuracies in the grading process."
Can Lamini generate text for natural language generation applications?,"Yes, Lamini is a powerful LLM engine that can generate text for natural language generation applications.","Yes, Lamini can generate text for natural language generation applications using its LLM Engine.  The LLM Engine is a powerful tool that can generate text based on a given prompt or input. It can be trained on a variety of datasets and can generate text in a variety of styles and formats.  The LLM Engine can be used to generate text for a wide range of applications, including chatbots, virtual assistants, and language translation systems.  It can also be used to generate text for marketing and advertising campaigns, as well as for creating content for websites and social media platforms.  Overall, the LLM Engine is a powerful tool that can help businesses and organizations to generate high-quality text for a variety of applications."
Can Lamini assist in generating content for content marketing strategies?,"Yes, it is possible to use Lamini for this purpose by providing it with relevant input and output types.","Yes, Lamini can assist in generating content for content marketing strategies. With its natural language generation capabilities, Lamini can create high-quality and engaging content for various marketing channels, such as blog posts, social media posts, and email newsletters. This can help businesses save time and resources while also improving their content marketing efforts."
"Can Lamini generate text in a way that adheres to specific ethical or legal guidelines, such as avoiding biased or discriminatory content?","Yes, Lamini can generate text that adheres to specific ethical or legal guidelines by incorporating bias detection and mitigation techniques, as well as using inclusive language and avoiding discriminatory content. Lamini also allows for customization and fine-tuning of models to align with specific ethical or legal requirements.","Yes, Lamini can generate text that adheres to specific ethical or legal guidelines, such as avoiding biased or discriminatory content. Lamini's training data includes a diverse range of texts that cover a wide range of topics and styles, which can help ensure that generated text is inclusive and respectful. Additionally, Lamini's machine learning algorithms can be fine-tuned to detect and avoid biased or discriminatory language in the generated text."
What are the specific features or components unique to Lamini that differentiate it from LlamaIndex?,"Lamini stands out with its focus on enabling developers to train and customize LLMs, providing tools, and empowering them to own the model and its weights. LlamaIndex, on the other hand, focuses on the central interface aspect, enabling LLMs to connect with external data sources and expanding their data access and integration capabilities.","Lamini and LlamaIndex differ in their specific features and components. Lamini is an LLM engine that allows developers to train and customize their own models using their own data. It provides tools for data preprocessing, model evaluation, and hyperparameter tuning. LlamaIndex, on the other hand, is a language model that provides pre-trained models for generating text in specific languages. It does not offer the same level of customization as Lamini, but it does provide pre-trained models that can be fine-tuned for specific use cases."
How does Lamini handle bias and fairness considerations in the customization process?,Laminiâ€™s LLM engine automatically balances your dataset when training and doing inference. Itâ€™s magical!,"Lamini takes measures to prevent bias and ensure fairness in the customization process. This includes using diverse and representative training data, as well as implementing algorithms that are designed to detect and mitigate bias. Additionally, Lamini provides tools and features for users to monitor and evaluate the fairness of their customized models, and to make adjustments as needed."
"What are the computational requirements for running Lamini's full LLM training module, and can it be scaled up for distributed training?","The computational requirements for running Lamini's full LLM training module depend on the size and complexity of the dataset being used. However, Lamini can be scaled up for distributed training by using multiple GPUs or even multiple machines. This allows for faster training times and the ability to handle larger datasets.","The computational requirements for running Lamini's full LLM training module depend on the size of the dataset and the complexity of the model architecture. Generally, training a full LLM requires significant computational resources, including high-performance GPUs and large amounts of memory. However, Lamini does offer support for distributed training, which can significantly reduce the computational requirements and speed up the training process.  Distributed training involves splitting the training data and model across multiple machines or GPUs, allowing for parallel processing and faster training times. Lamini provides tools and libraries for implementing and managing distributed training, making it easier to scale up the training process for large-scale LLMs.  However, it is important to note that distributed training also requires careful tuning of hyperparameters and optimization algorithms to ensure that the model is trained effectively and efficiently.  Overall, while Lamini's full LLM training module does require significant computational resources, distributed training can"
Can I fine-tune the pre-trained models provided by Lamini on my own dataset? How does that process work?,"Yes, you can fine-tune the pre-trained models provided by Lamini on your own dataset. The process involves providing your own dataset and specifying the task you want to perform (e.g. sentiment analysis, named entity recognition, etc.). Lamini will then fine-tune the pre-trained model on your dataset using transfer learning techniques, which can significantly improve performance on your specific task. You can contact Lamini's support team for more information on how to fine-tune their pre-trained models on your own dataset.","Yes, you can fine-tune the pre-trained models provided by Lamini on your own dataset. The process involves using the pre-trained models as a starting point and adding additional training data to improve the model's performance on your specific task. Lamini provides tools and APIs for fine-tuning pre-trained models, and you can also use your own data to train custom models from scratch.  The fine-tuning process typically involves adjusting the model's hyperparameters, adding new layers or modifying existing ones, and adding additional training data to improve the model's performance on your specific task.  It is important to note that fine-tuning a pre-trained model can be computationally intensive and may require significant resources, such as GPU power and large amounts of data.  However, fine-tuning a pre-trained model can lead to significant improvements in performance and can be a cost-"
